Fecha,Dia_Semana,Mes,Anio,Dia_Anio,Es_Feriado,Temperatura_Max_Prevista,Promocion_Croissant,Precio_Nuestro,Precio_Competencia,Cantidad_Vendida
2019-01-01,martes,1,2019,1,1,30.7,0,1.43,1.39,131
2019-01-02,miércoles,1,2019,2,0,29.5,0,1.35,1.38,96
2019-01-03,jueves,1,2019,3,0,31.1,0,1.43,1.48,71
2019-01-04,viernes,1,2019,4,0,32.9,1,1.41,1.41,161
2019-01-05,sábado,1,2019,5,0,29.4,0,1.38,1.38,131
2019-01-06,domingo,1,2019,6,0,29.4,0,1.38,1.38,117
2019-01-07,lunes,1,2019,7,0,33.1,0,1.43,1.55,77
2019-01-08,martes,1,2019,8,0,31.5,0,1.38,1.31,76
2019-01-09,miércoles,1,2019,9,0,29.0,0,1.38,1.37,90
2019-01-10,jueves,1,2019,10,0,31.0,1,1.42,1.31,138
2019-01-11,viernes,1,2019,11,0,29.0,0,1.41,1.38,112
2019-01-12,sábado,1,2019,12,0,29.1,1,1.38,1.48,222
2019-01-13,domingo,1,2019,13,0,30.5,0,1.4,1.39,125
2019-01-14,lunes,1,2019,14,0,26.2,0,1.38,1.37,96
2019-01-15,martes,1,2019,15,0,26.6,1,1.42,1.43,157
2019-01-16,miércoles,1,2019,16,0,28.9,0,1.42,1.39,99
2019-01-17,jueves,1,2019,17,0,28.0,0,1.41,1.35,110
2019-01-18,viernes,1,2019,18,0,30.6,0,1.41,1.53,107
2019-01-19,sábado,1,2019,19,0,28.2,0,1.44,1.51,132
2019-01-20,domingo,1,2019,20,0,27.1,1,1.4,1.52,196
2019-01-21,lunes,1,2019,21,0,32.9,0,1.38,1.51,89
2019-01-22,martes,1,2019,22,0,29.5,0,1.41,1.46,92
2019-01-23,miércoles,1,2019,23,0,30.0,0,1.44,1.38,102
2019-01-24,jueves,1,2019,24,0,27.0,0,1.38,1.49,101
2019-01-25,viernes,1,2019,25,0,28.8,0,1.39,1.47,116
2019-01-26,sábado,1,2019,26,0,30.0,0,1.41,1.45,127
2019-01-27,domingo,1,2019,27,0,27.5,0,1.4,1.49,147
2019-01-28,lunes,1,2019,28,0,30.5,0,1.38,1.34,80
2019-01-29,martes,1,2019,29,0,28.5,0,1.42,1.51,86
2019-01-30,miércoles,1,2019,30,0,29.1,0,1.45,1.55,89
2019-01-31,jueves,1,2019,31,0,28.4,0,1.4,1.49,93
2019-02-01,viernes,2,2019,32,0,33.3,0,1.38,1.31,93
2019-02-02,sábado,2,2019,33,0,29.5,0,1.37,1.35,127
2019-02-03,domingo,2,2019,34,0,27.4,0,1.41,1.32,111
2019-02-04,lunes,2,2019,35,0,31.1,0,1.42,1.49,74
2019-02-05,martes,2,2019,36,0,26.9,0,1.41,1.38,100
2019-02-06,miércoles,2,2019,37,0,29.7,0,1.4,1.33,90
2019-02-07,jueves,2,2019,38,0,25.3,0,1.39,1.45,107
2019-02-08,viernes,2,2019,39,0,26.5,0,1.38,1.36,120
2019-02-09,sábado,2,2019,40,0,29.5,0,1.42,1.51,148
2019-02-10,domingo,2,2019,41,0,30.5,0,1.42,1.46,106
2019-02-11,lunes,2,2019,42,0,29.3,0,1.37,1.44,74
2019-02-12,martes,2,2019,43,0,28.6,0,1.43,1.44,76
2019-02-13,miércoles,2,2019,44,0,28.2,0,1.41,1.51,87
2019-02-14,jueves,2,2019,45,0,25.7,0,1.43,1.52,96
2019-02-15,viernes,2,2019,46,0,27.2,1,1.37,1.27,160
2019-02-16,sábado,2,2019,47,0,27.6,0,1.37,1.36,136
2019-02-17,domingo,2,2019,48,0,30.5,0,1.4,1.36,119
2019-02-18,lunes,2,2019,49,0,29.0,0,1.41,1.41,76
2019-02-19,martes,2,2019,50,0,24.7,0,1.44,1.57,74
2019-02-20,miércoles,2,2019,51,0,28.8,0,1.41,1.41,79
2019-02-21,jueves,2,2019,52,0,27.3,1,1.4,1.42,147
2019-02-22,viernes,2,2019,53,0,26.6,0,1.38,1.29,107
2019-02-23,sábado,2,2019,54,0,29.1,0,1.42,1.55,126
2019-02-24,domingo,2,2019,55,0,29.8,0,1.38,1.45,119
2019-02-25,lunes,2,2019,56,0,29.5,1,1.43,1.41,151
2019-02-26,martes,2,2019,57,0,25.8,0,1.39,1.44,87
2019-02-27,miércoles,2,2019,58,0,26.8,0,1.43,1.39,80
2019-02-28,jueves,2,2019,59,0,27.9,0,1.41,1.44,87
2019-03-01,viernes,3,2019,60,0,29.1,0,1.4,1.37,86
2019-03-02,sábado,3,2019,61,0,26.1,0,1.39,1.32,124
2019-03-03,domingo,3,2019,62,0,26.5,0,1.39,1.41,110
2019-03-04,lunes,3,2019,63,0,24.6,0,1.41,1.38,86
2019-03-05,martes,3,2019,64,0,24.3,0,1.4,1.43,84
2019-03-06,miércoles,3,2019,65,0,28.1,0,1.39,1.45,80
2019-03-07,jueves,3,2019,66,0,29.1,1,1.4,1.36,155
2019-03-08,viernes,3,2019,67,0,26.1,0,1.4,1.43,106
2019-03-09,sábado,3,2019,68,0,28.1,1,1.36,1.48,212
2019-03-10,domingo,3,2019,69,0,26.7,0,1.41,1.43,118
2019-03-11,lunes,3,2019,70,0,24.6,0,1.38,1.32,91
2019-03-12,martes,3,2019,71,0,26.4,0,1.38,1.48,83
2019-03-13,miércoles,3,2019,72,0,28.6,1,1.37,1.54,170
2019-03-14,jueves,3,2019,73,0,25.4,1,1.36,1.29,143
2019-03-15,viernes,3,2019,74,0,28.4,0,1.37,1.35,104
2019-03-16,sábado,3,2019,75,0,19.9,0,1.39,1.28,124
2019-03-17,domingo,3,2019,76,0,26.6,1,1.44,1.48,176
2019-03-18,lunes,3,2019,77,0,25.0,0,1.39,1.36,81
2019-03-19,martes,3,2019,78,0,24.1,0,1.4,1.39,83
2019-03-20,miércoles,3,2019,79,0,24.7,0,1.41,1.45,89
2019-03-21,jueves,3,2019,80,0,20.4,0,1.4,1.37,101
2019-03-22,viernes,3,2019,81,0,23.8,1,1.4,1.41,146
2019-03-23,sábado,3,2019,82,0,24.8,0,1.38,1.43,123
2019-03-24,domingo,3,2019,83,0,26.9,0,1.43,1.45,118
2019-03-25,lunes,3,2019,84,0,22.7,0,1.44,1.38,74
2019-03-26,martes,3,2019,85,0,22.0,0,1.37,1.27,108
2019-03-27,miércoles,3,2019,86,0,22.4,0,1.38,1.48,95
2019-03-28,jueves,3,2019,87,0,25.1,0,1.39,1.32,86
2019-03-29,viernes,3,2019,88,0,23.8,0,1.38,1.41,103
2019-03-30,sábado,3,2019,89,0,21.9,0,1.41,1.49,131
2019-03-31,domingo,3,2019,90,0,23.8,0,1.39,1.36,120
2019-04-01,lunes,4,2019,91,0,22.8,0,1.44,1.45,70
2019-04-02,martes,4,2019,92,0,24.4,0,1.42,1.41,63
2019-04-03,miércoles,4,2019,93,0,20.9,0,1.4,1.48,76
2019-04-04,jueves,4,2019,94,0,21.4,1,1.42,1.52,153
2019-04-05,viernes,4,2019,95,0,21.1,0,1.42,1.45,107
2019-04-06,sábado,4,2019,96,0,18.8,0,1.39,1.39,123
2019-04-07,domingo,4,2019,97,0,22.2,0,1.38,1.41,101
2019-04-08,lunes,4,2019,98,0,21.9,0,1.4,1.38,75
2019-04-09,martes,4,2019,99,0,21.3,0,1.42,1.41,83
2019-04-10,miércoles,4,2019,100,0,20.6,0,1.4,1.39,87
2019-04-11,jueves,4,2019,101,0,18.1,0,1.37,1.35,87
2019-04-12,viernes,4,2019,102,0,19.9,1,1.38,1.42,171
2019-04-13,sábado,4,2019,103,0,19.9,1,1.4,1.45,201
2019-04-14,domingo,4,2019,104,0,18.8,0,1.4,1.39,116
2019-04-15,lunes,4,2019,105,0,19.9,0,1.44,1.45,65
2019-04-16,martes,4,2019,106,0,20.9,0,1.37,1.44,75
2019-04-17,miércoles,4,2019,107,0,23.7,0,1.41,1.45,85
2019-04-18,jueves,4,2019,108,0,20.1,0,1.43,1.42,75
2019-04-19,viernes,4,2019,109,1,20.1,0,1.45,1.38,142
2019-04-20,sábado,4,2019,110,0,19.2,1,1.39,1.42,198
2019-04-21,domingo,4,2019,111,0,15.4,0,1.41,1.47,110
2019-04-22,lunes,4,2019,112,0,19.0,0,1.41,1.49,78
2019-04-23,martes,4,2019,113,0,19.0,0,1.4,1.42,68
2019-04-24,miércoles,4,2019,114,0,23.6,0,1.4,1.45,88
2019-04-25,jueves,4,2019,115,0,18.1,0,1.41,1.43,71
2019-04-26,viernes,4,2019,116,0,18.9,0,1.35,1.41,108
2019-04-27,sábado,4,2019,117,0,18.1,0,1.41,1.46,116
2019-04-28,domingo,4,2019,118,0,15.7,0,1.4,1.27,93
2019-04-29,lunes,4,2019,119,0,20.1,0,1.4,1.33,71
2019-04-30,martes,4,2019,120,0,19.2,0,1.44,1.44,68
2019-05-01,miércoles,5,2019,121,1,19.1,0,1.39,1.45,107
2019-05-02,jueves,5,2019,122,0,15.5,1,1.39,1.37,112
2019-05-03,viernes,5,2019,123,0,20.0,0,1.44,1.54,85
2019-05-04,sábado,5,2019,124,0,14.2,0,1.38,1.47,119
2019-05-05,domingo,5,2019,125,0,18.0,0,1.39,1.37,103
2019-05-06,lunes,5,2019,126,0,21.1,0,1.4,1.32,57
2019-05-07,martes,5,2019,127,0,14.5,0,1.42,1.38,61
2019-05-08,miércoles,5,2019,128,0,15.2,0,1.4,1.47,65
2019-05-09,jueves,5,2019,129,0,16.4,0,1.37,1.37,57
2019-05-10,viernes,5,2019,130,0,15.0,0,1.39,1.41,73
2019-05-11,sábado,5,2019,131,0,12.8,1,1.39,1.41,186
2019-05-12,domingo,5,2019,132,0,15.9,0,1.4,1.44,98
2019-05-13,lunes,5,2019,133,0,13.4,1,1.41,1.34,117
2019-05-14,martes,5,2019,134,0,16.4,0,1.41,1.4,64
2019-05-15,miércoles,5,2019,135,0,13.4,0,1.36,1.37,69
2019-05-16,jueves,5,2019,136,0,18.2,0,1.42,1.46,67
2019-05-17,viernes,5,2019,137,0,13.4,0,1.41,1.51,75
2019-05-18,sábado,5,2019,138,0,14.2,0,1.43,1.39,110
2019-05-19,domingo,5,2019,139,0,16.3,0,1.41,1.49,104
2019-05-20,lunes,5,2019,140,0,12.1,0,1.42,1.48,40
2019-05-21,martes,5,2019,141,0,14.8,0,1.41,1.43,52
2019-05-22,miércoles,5,2019,142,0,16.9,0,1.43,1.46,58
2019-05-23,jueves,5,2019,143,0,10.9,0,1.41,1.36,68
2019-05-24,viernes,5,2019,144,0,14.3,0,1.4,1.33,75
2019-05-25,sábado,5,2019,145,0,14.3,0,1.45,1.52,109
2019-05-26,domingo,5,2019,146,0,15.3,0,1.42,1.42,96
2019-05-27,lunes,5,2019,147,0,11.1,0,1.41,1.45,58
2019-05-28,martes,5,2019,148,0,10.8,0,1.37,1.38,53
2019-05-29,miércoles,5,2019,149,0,14.3,0,1.37,1.48,61
2019-05-30,jueves,5,2019,150,0,13.8,0,1.41,1.41,60
2019-05-31,viernes,5,2019,151,0,13.5,0,1.4,1.38,86
2019-06-01,sábado,6,2019,152,0,13.6,0,1.39,1.44,105
2019-06-02,domingo,6,2019,153,0,11.4,0,1.4,1.43,84
2019-06-03,lunes,6,2019,154,0,13.2,0,1.43,1.48,62
2019-06-04,martes,6,2019,155,0,13.2,0,1.41,1.47,48
2019-06-05,miércoles,6,2019,156,0,11.0,0,1.38,1.47,69
2019-06-06,jueves,6,2019,157,0,16.1,0,1.4,1.31,52
2019-06-07,viernes,6,2019,158,0,13.2,0,1.38,1.34,57
2019-06-08,sábado,6,2019,159,0,9.7,0,1.39,1.48,105
2019-06-09,domingo,6,2019,160,0,13.3,1,1.39,1.45,160
2019-06-10,lunes,6,2019,161,0,10.0,0,1.39,1.43,51
2019-06-11,martes,6,2019,162,0,13.4,0,1.37,1.46,47
2019-06-12,miércoles,6,2019,163,0,14.0,0,1.4,1.39,54
2019-06-13,jueves,6,2019,164,0,10.0,0,1.39,1.47,57
2019-06-14,viernes,6,2019,165,0,13.5,1,1.34,1.36,148
2019-06-15,sábado,6,2019,166,0,12.3,0,1.44,1.44,105
2019-06-16,domingo,6,2019,167,0,13.0,0,1.42,1.44,91
2019-06-17,lunes,6,2019,168,0,15.1,0,1.39,1.4,54
2019-06-18,martes,6,2019,169,0,10.7,0,1.4,1.32,45
2019-06-19,miércoles,6,2019,170,0,9.6,0,1.38,1.38,52
2019-06-20,jueves,6,2019,171,0,9.3,1,1.43,1.42,107
2019-06-21,viernes,6,2019,172,0,9.3,0,1.44,1.42,70
2019-06-22,sábado,6,2019,173,0,10.7,0,1.4,1.49,75
2019-06-23,domingo,6,2019,174,0,11.5,0,1.42,1.46,85
2019-06-24,lunes,6,2019,175,0,11.3,0,1.4,1.41,49
2019-06-25,martes,6,2019,176,0,12.3,0,1.37,1.47,57
2019-06-26,miércoles,6,2019,177,0,10.6,0,1.39,1.49,55
2019-06-27,jueves,6,2019,178,0,13.5,0,1.4,1.39,62
2019-06-28,viernes,6,2019,179,0,10.0,0,1.39,1.37,56
2019-06-29,sábado,6,2019,180,0,15.9,0,1.4,1.5,101
2019-06-30,domingo,6,2019,181,0,11.7,0,1.4,1.33,74
2019-07-01,lunes,7,2019,182,0,8.6,0,1.4,1.35,35
2019-07-02,martes,7,2019,183,0,8.2,1,1.4,1.36,122
2019-07-03,miércoles,7,2019,184,0,11.2,0,1.38,1.51,65
2019-07-04,jueves,7,2019,185,0,9.8,0,1.39,1.42,60
2019-07-05,viernes,7,2019,186,0,11.6,0,1.37,1.29,69
2019-07-06,sábado,7,2019,187,0,11.1,0,1.42,1.38,94
2019-07-07,domingo,7,2019,188,0,10.0,1,1.36,1.42,160
2019-07-08,lunes,7,2019,189,0,8.4,0,1.42,1.48,43
2019-07-09,martes,7,2019,190,0,7.1,0,1.43,1.42,49
2019-07-10,miércoles,7,2019,191,0,9.2,0,1.39,1.45,41
2019-07-11,jueves,7,2019,192,0,11.8,1,1.35,1.39,113
2019-07-12,viernes,7,2019,193,0,10.5,0,1.39,1.53,71
2019-07-13,sábado,7,2019,194,0,7.5,0,1.4,1.34,101
2019-07-14,domingo,7,2019,195,0,10.4,0,1.38,1.41,95
2019-07-15,lunes,7,2019,196,0,10.8,0,1.39,1.36,32
2019-07-16,martes,7,2019,197,0,8.2,0,1.43,1.44,41
2019-07-17,miércoles,7,2019,198,0,10.3,0,1.41,1.3,41
2019-07-18,jueves,7,2019,199,0,10.1,1,1.38,1.35,103
2019-07-19,viernes,7,2019,200,0,7.7,0,1.37,1.34,62
2019-07-20,sábado,7,2019,201,0,10.7,1,1.39,1.39,178
2019-07-21,domingo,7,2019,202,0,11.1,0,1.4,1.36,90
2019-07-22,lunes,7,2019,203,0,12.2,0,1.41,1.47,63
2019-07-23,martes,7,2019,204,0,12.2,1,1.39,1.35,131
2019-07-24,miércoles,7,2019,205,0,7.3,0,1.41,1.49,47
2019-07-25,jueves,7,2019,206,0,8.2,1,1.44,1.5,116
2019-07-26,viernes,7,2019,207,0,11.2,0,1.42,1.44,76
2019-07-27,sábado,7,2019,208,0,11.2,0,1.4,1.48,101
2019-07-28,domingo,7,2019,209,0,11.2,1,1.4,1.39,152
2019-07-29,lunes,7,2019,210,0,17.9,0,1.39,1.31,32
2019-07-30,martes,7,2019,211,0,11.4,0,1.42,1.51,74
2019-07-31,miércoles,7,2019,212,0,12.6,0,1.39,1.39,50
2019-08-01,jueves,8,2019,213,0,12.3,1,1.4,1.5,118
2019-08-02,viernes,8,2019,214,0,11.7,0,1.4,1.47,77
2019-08-03,sábado,8,2019,215,0,9.8,0,1.39,1.41,98
2019-08-04,domingo,8,2019,216,0,12.0,0,1.37,1.35,90
2019-08-05,lunes,8,2019,217,0,9.0,1,1.41,1.43,132
2019-08-06,martes,8,2019,218,0,10.1,1,1.4,1.53,102
2019-08-07,miércoles,8,2019,219,0,9.7,0,1.41,1.45,46
2019-08-08,jueves,8,2019,220,0,10.9,0,1.39,1.43,59
2019-08-09,viernes,8,2019,221,0,15.4,0,1.42,1.54,73
2019-08-10,sábado,8,2019,222,0,7.1,0,1.38,1.48,113
2019-08-11,domingo,8,2019,223,0,12.3,0,1.43,1.43,98
2019-08-12,lunes,8,2019,224,0,7.8,0,1.37,1.32,49
2019-08-13,martes,8,2019,225,0,10.1,0,1.41,1.47,40
2019-08-14,miércoles,8,2019,226,0,13.3,0,1.41,1.49,46
2019-08-15,jueves,8,2019,227,1,11.4,0,1.38,1.4,126
2019-08-16,viernes,8,2019,228,1,9.2,0,1.41,1.38,130
2019-08-17,sábado,8,2019,229,0,10.0,0,1.43,1.34,93
2019-08-18,domingo,8,2019,230,0,12.9,0,1.36,1.39,87
2019-08-19,lunes,8,2019,231,0,10.1,0,1.41,1.41,44
2019-08-20,martes,8,2019,232,0,12.1,0,1.35,1.34,49
2019-08-21,miércoles,8,2019,233,0,11.9,0,1.38,1.47,38
2019-08-22,jueves,8,2019,234,0,10.6,0,1.43,1.37,48
2019-08-23,viernes,8,2019,235,0,16.3,1,1.39,1.51,132
2019-08-24,sábado,8,2019,236,0,13.4,0,1.38,1.39,109
2019-08-25,domingo,8,2019,237,0,8.2,0,1.4,1.44,84
2019-08-26,lunes,8,2019,238,0,12.7,0,1.44,1.38,49
2019-08-27,martes,8,2019,239,0,11.1,0,1.36,1.37,52
2019-08-28,miércoles,8,2019,240,0,14.2,0,1.38,1.31,63
2019-08-29,jueves,8,2019,241,0,11.1,1,1.43,1.57,144
2019-08-30,viernes,8,2019,242,0,12.5,0,1.44,1.49,74
2019-08-31,sábado,8,2019,243,0,13.9,0,1.4,1.38,95
2019-09-01,domingo,9,2019,244,0,14.7,0,1.38,1.37,93
2019-09-02,lunes,9,2019,245,0,10.7,0,1.44,1.54,58
2019-09-03,martes,9,2019,246,0,12.6,0,1.43,1.41,54
2019-09-04,miércoles,9,2019,247,0,12.4,0,1.41,1.4,67
2019-09-05,jueves,9,2019,248,0,12.2,0,1.38,1.39,72
2019-09-06,viernes,9,2019,249,0,17.2,0,1.4,1.5,91
2019-09-07,sábado,9,2019,250,0,14.6,0,1.4,1.37,118
2019-09-08,domingo,9,2019,251,0,11.4,0,1.41,1.43,114
2019-09-09,lunes,9,2019,252,0,15.9,0,1.43,1.58,63
2019-09-10,martes,9,2019,253,0,18.4,0,1.42,1.37,66
2019-09-11,miércoles,9,2019,254,0,16.4,0,1.38,1.37,61
2019-09-12,jueves,9,2019,255,0,11.4,0,1.43,1.44,78
2019-09-13,viernes,9,2019,256,0,13.7,1,1.41,1.47,162
2019-09-14,sábado,9,2019,257,0,17.3,0,1.41,1.36,115
2019-09-15,domingo,9,2019,258,0,13.5,0,1.43,1.59,103
2019-09-16,lunes,9,2019,259,0,16.0,1,1.38,1.41,132
2019-09-17,martes,9,2019,260,0,16.8,0,1.4,1.34,46
2019-09-18,miércoles,9,2019,261,0,13.5,1,1.39,1.47,130
2019-09-19,jueves,9,2019,262,0,15.4,0,1.37,1.4,82
2019-09-20,viernes,9,2019,263,0,9.2,0,1.41,1.38,80
2019-09-21,sábado,9,2019,264,0,13.8,0,1.45,1.44,114
2019-09-22,domingo,9,2019,265,0,15.5,0,1.36,1.36,106
2019-09-23,lunes,9,2019,266,0,13.7,1,1.4,1.3,130
2019-09-24,martes,9,2019,267,0,19.6,0,1.41,1.31,66
2019-09-25,miércoles,9,2019,268,0,13.6,0,1.4,1.35,39
2019-09-26,jueves,9,2019,269,0,15.8,0,1.4,1.44,60
2019-09-27,viernes,9,2019,270,0,17.1,1,1.37,1.41,137
2019-09-28,sábado,9,2019,271,0,19.8,0,1.4,1.45,103
2019-09-29,domingo,9,2019,272,0,14.3,0,1.38,1.32,100
2019-09-30,lunes,9,2019,273,0,19.6,0,1.36,1.34,61
2019-10-01,martes,10,2019,274,0,17.5,0,1.42,1.36,72
2019-10-02,miércoles,10,2019,275,0,15.7,0,1.42,1.44,81
2019-10-03,jueves,10,2019,276,0,18.7,0,1.4,1.44,74
2019-10-04,viernes,10,2019,277,0,18.4,0,1.4,1.45,87
2019-10-05,sábado,10,2019,278,0,16.9,0,1.42,1.53,126
2019-10-06,domingo,10,2019,279,0,18.4,0,1.4,1.53,109
2019-10-07,lunes,10,2019,280,0,17.7,0,1.42,1.37,57
2019-10-08,martes,10,2019,281,0,18.9,0,1.39,1.43,80
2019-10-09,miércoles,10,2019,282,0,20.1,0,1.43,1.42,86
2019-10-10,jueves,10,2019,283,0,22.2,0,1.41,1.35,91
2019-10-11,viernes,10,2019,284,0,16.7,0,1.4,1.48,99
2019-10-12,sábado,10,2019,285,1,23.6,0,1.37,1.43,169
2019-10-13,domingo,10,2019,286,0,15.6,0,1.41,1.35,120
2019-10-14,lunes,10,2019,287,0,19.4,1,1.38,1.35,140
2019-10-15,martes,10,2019,288,0,21.0,0,1.39,1.38,80
2019-10-16,miércoles,10,2019,289,0,20.6,0,1.38,1.45,80
2019-10-17,jueves,10,2019,290,0,18.9,0,1.38,1.36,88
2019-10-18,viernes,10,2019,291,0,19.9,0,1.44,1.58,100
2019-10-19,sábado,10,2019,292,0,19.5,0,1.43,1.32,128
2019-10-20,domingo,10,2019,293,0,19.5,0,1.44,1.42,112
2019-10-21,lunes,10,2019,294,0,22.6,0,1.38,1.39,59
2019-10-22,martes,10,2019,295,0,21.8,0,1.4,1.4,82
2019-10-23,miércoles,10,2019,296,0,19.8,0,1.37,1.34,68
2019-10-24,jueves,10,2019,297,0,23.2,0,1.39,1.51,92
2019-10-25,viernes,10,2019,298,0,22.2,0,1.38,1.44,97
2019-10-26,sábado,10,2019,299,0,23.3,1,1.42,1.6,210
2019-10-27,domingo,10,2019,300,0,23.2,0,1.39,1.48,121
2019-10-28,lunes,10,2019,301,0,20.4,0,1.42,1.51,76
2019-10-29,martes,10,2019,302,0,21.1,0,1.41,1.45,76
2019-10-30,miércoles,10,2019,303,0,23.9,0,1.45,1.61,80
2019-10-31,jueves,10,2019,304,0,23.8,0,1.37,1.33,61
2019-11-01,viernes,11,2019,305,1,22.7,0,1.43,1.4,165
2019-11-02,sábado,11,2019,306,0,23.1,0,1.42,1.38,121
2019-11-03,domingo,11,2019,307,0,25.6,0,1.38,1.4,120
2019-11-04,lunes,11,2019,308,0,22.0,1,1.42,1.35,145
2019-11-05,martes,11,2019,309,0,24.5,0,1.41,1.52,73
2019-11-06,miércoles,11,2019,310,0,23.1,0,1.4,1.44,101
2019-11-07,jueves,11,2019,311,0,23.3,0,1.38,1.33,99
2019-11-08,viernes,11,2019,312,0,26.1,0,1.39,1.41,103
2019-11-09,sábado,11,2019,313,0,25.7,0,1.44,1.36,127
2019-11-10,domingo,11,2019,314,0,25.8,0,1.4,1.38,115
2019-11-11,lunes,11,2019,315,0,26.9,0,1.42,1.36,79
2019-11-12,martes,11,2019,316,0,24.5,0,1.38,1.45,76
2019-11-13,miércoles,11,2019,317,0,26.0,0,1.38,1.45,92
2019-11-14,jueves,11,2019,318,0,24.2,0,1.42,1.5,90
2019-11-15,viernes,11,2019,319,0,25.6,0,1.37,1.43,102
2019-11-16,sábado,11,2019,320,0,24.8,0,1.39,1.43,130
2019-11-17,domingo,11,2019,321,0,25.4,0,1.4,1.42,114
2019-11-18,lunes,11,2019,322,0,26.6,0,1.4,1.36,78
2019-11-19,martes,11,2019,323,0,23.9,0,1.4,1.46,78
2019-11-20,miércoles,11,2019,324,0,29.9,0,1.41,1.31,78
2019-11-21,jueves,11,2019,325,0,23.8,0,1.41,1.35,99
2019-11-22,viernes,11,2019,326,0,23.5,0,1.41,1.51,103
2019-11-23,sábado,11,2019,327,0,28.4,0,1.38,1.36,122
2019-11-24,domingo,11,2019,328,0,27.8,0,1.39,1.33,117
2019-11-25,lunes,11,2019,329,0,27.6,0,1.42,1.35,69
2019-11-26,martes,11,2019,330,0,27.7,0,1.42,1.49,80
2019-11-27,miércoles,11,2019,331,0,26.6,0,1.37,1.47,89
2019-11-28,jueves,11,2019,332,0,25.0,1,1.41,1.45,167
2019-11-29,viernes,11,2019,333,0,27.0,0,1.36,1.37,97
2019-11-30,sábado,11,2019,334,0,25.6,0,1.4,1.38,120
2019-12-01,domingo,12,2019,335,0,29.1,0,1.44,1.56,122
2019-12-02,lunes,12,2019,336,0,26.9,0,1.38,1.48,80
2019-12-03,martes,12,2019,337,0,25.7,1,1.38,1.33,146
2019-12-04,miércoles,12,2019,338,0,26.8,0,1.42,1.49,82
2019-12-05,jueves,12,2019,339,0,28.4,0,1.37,1.34,111
2019-12-06,viernes,12,2019,340,1,26.6,1,1.39,1.33,226
2019-12-07,sábado,12,2019,341,0,26.2,0,1.41,1.42,136
2019-12-08,domingo,12,2019,342,0,28.4,0,1.39,1.45,131
2019-12-09,lunes,12,2019,343,0,28.5,0,1.4,1.48,72
2019-12-10,martes,12,2019,344,0,27.1,0,1.41,1.35,103
2019-12-11,miércoles,12,2019,345,0,27.3,0,1.41,1.46,86
2019-12-12,jueves,12,2019,346,0,28.8,0,1.41,1.61,96
2019-12-13,viernes,12,2019,347,0,25.5,1,1.39,1.45,150
2019-12-14,sábado,12,2019,348,0,25.7,0,1.41,1.38,140
2019-12-15,domingo,12,2019,349,0,27.2,0,1.4,1.38,115
2019-12-16,lunes,12,2019,350,0,28.2,0,1.41,1.44,85
2019-12-17,martes,12,2019,351,0,29.4,0,1.39,1.33,76
2019-12-18,miércoles,12,2019,352,0,31.8,0,1.4,1.47,76
2019-12-19,jueves,12,2019,353,0,30.6,0,1.38,1.47,86
2019-12-20,viernes,12,2019,354,0,28.7,0,1.4,1.32,107
2019-12-21,sábado,12,2019,355,0,29.0,0,1.38,1.36,122
2019-12-22,domingo,12,2019,356,0,27.1,0,1.38,1.33,118
2019-12-23,lunes,12,2019,357,0,29.2,0,1.41,1.52,90
2019-12-24,martes,12,2019,358,0,28.7,1,1.4,1.35,166
2019-12-25,miércoles,12,2019,359,1,30.0,0,1.42,1.41,136
2019-12-26,jueves,12,2019,360,0,27.7,0,1.39,1.41,87
2019-12-27,viernes,12,2019,361,0,30.5,1,1.41,1.41,168
2019-12-28,sábado,12,2019,362,0,32.6,0,1.41,1.34,125
2019-12-29,domingo,12,2019,363,0,29.3,1,1.41,1.36,188
2019-12-30,lunes,12,2019,364,0,30.4,0,1.38,1.45,89
2019-12-31,martes,12,2019,365,0,31.0,0,1.4,1.43,81
2020-01-01,miércoles,1,2020,1,1,28.9,0,1.45,1.56,162
2020-01-02,jueves,1,2020,2,0,30.2,0,1.44,1.35,93
2020-01-03,viernes,1,2020,3,0,29.8,0,1.4,1.42,125
2020-01-04,sábado,1,2020,4,0,30.0,1,1.45,1.53,203
2020-01-05,domingo,1,2020,5,0,28.3,0,1.49,1.43,121
2020-01-06,lunes,1,2020,6,1,29.9,0,1.43,1.49,156
2020-01-07,martes,1,2020,7,0,30.9,0,1.43,1.55,75
2020-01-08,miércoles,1,2020,8,0,32.8,0,1.45,1.44,83
2020-01-09,jueves,1,2020,9,0,31.9,1,1.45,1.55,144
2020-01-10,viernes,1,2020,10,0,34.3,0,1.47,1.59,129
2020-01-11,sábado,1,2020,11,0,28.4,0,1.42,1.34,153
2020-01-12,domingo,1,2020,12,0,31.7,0,1.46,1.5,138
2020-01-13,lunes,1,2020,13,0,30.4,0,1.45,1.41,84
2020-01-14,martes,1,2020,14,0,34.4,0,1.44,1.38,100
2020-01-15,miércoles,1,2020,15,0,28.4,0,1.45,1.37,96
2020-01-16,jueves,1,2020,16,0,28.3,1,1.46,1.5,164
2020-01-17,viernes,1,2020,17,0,28.8,0,1.46,1.53,118
2020-01-18,sábado,1,2020,18,0,25.7,0,1.42,1.44,145
2020-01-19,domingo,1,2020,19,0,28.9,0,1.46,1.37,125
2020-01-20,lunes,1,2020,20,0,28.4,0,1.44,1.46,89
2020-01-21,martes,1,2020,21,0,30.2,0,1.44,1.46,93
2020-01-22,miércoles,1,2020,22,0,30.6,1,1.44,1.54,171
2020-01-23,jueves,1,2020,23,0,33.7,0,1.44,1.45,93
2020-01-24,viernes,1,2020,24,0,31.8,0,1.47,1.46,122
2020-01-25,sábado,1,2020,25,0,28.7,0,1.44,1.42,116
2020-01-26,domingo,1,2020,26,0,28.0,0,1.42,1.53,138
2020-01-27,lunes,1,2020,27,0,30.8,0,1.43,1.39,92
2020-01-28,martes,1,2020,28,0,27.1,0,1.45,1.51,103
2020-01-29,miércoles,1,2020,29,0,33.4,1,1.47,1.4,148
2020-01-30,jueves,1,2020,30,0,32.0,0,1.45,1.43,96
2020-01-31,viernes,1,2020,31,0,28.7,0,1.42,1.46,124
2020-02-01,sábado,2,2020,32,0,26.1,0,1.49,1.64,156
2020-02-02,domingo,2,2020,33,0,32.2,0,1.45,1.58,122
2020-02-03,lunes,2,2020,34,0,29.2,0,1.47,1.38,86
2020-02-04,martes,2,2020,35,0,31.9,0,1.44,1.47,96
2020-02-05,miércoles,2,2020,36,0,26.2,0,1.45,1.35,76
2020-02-06,jueves,2,2020,37,0,28.1,1,1.46,1.51,160
2020-02-07,viernes,2,2020,38,0,29.2,0,1.47,1.47,122
2020-02-08,sábado,2,2020,39,0,29.3,0,1.46,1.58,147
2020-02-09,domingo,2,2020,40,0,28.2,0,1.46,1.52,133
2020-02-10,lunes,2,2020,41,0,30.3,0,1.44,1.47,82
2020-02-11,martes,2,2020,42,0,26.8,0,1.43,1.41,82
2020-02-12,miércoles,2,2020,43,0,28.6,0,1.45,1.53,89
2020-02-13,jueves,2,2020,44,0,29.0,0,1.46,1.51,110
2020-02-14,viernes,2,2020,45,0,29.7,0,1.44,1.32,102
2020-02-15,sábado,2,2020,46,0,30.0,0,1.46,1.45,135
2020-02-16,domingo,2,2020,47,0,26.3,0,1.47,1.53,125
2020-02-17,lunes,2,2020,48,0,25.4,0,1.42,1.47,100
2020-02-18,martes,2,2020,49,0,30.9,1,1.43,1.4,144
2020-02-19,miércoles,2,2020,50,0,28.9,0,1.44,1.41,90
2020-02-20,jueves,2,2020,51,0,26.6,1,1.45,1.51,144
2020-02-21,viernes,2,2020,52,0,31.1,0,1.43,1.42,95
2020-02-22,sábado,2,2020,53,0,28.2,0,1.47,1.4,135
2020-02-23,domingo,2,2020,54,0,30.2,0,1.45,1.43,113
2020-02-24,lunes,2,2020,55,0,27.9,0,1.44,1.53,107
2020-02-25,martes,2,2020,56,0,31.7,0,1.41,1.48,68
2020-02-26,miércoles,2,2020,57,0,31.0,0,1.42,1.44,83
2020-02-27,jueves,2,2020,58,0,26.9,0,1.45,1.45,100
2020-02-28,viernes,2,2020,59,0,29.2,0,1.4,1.53,112
2020-02-29,sábado,2,2020,60,0,28.4,1,1.46,1.39,192
2020-03-01,domingo,3,2020,61,0,29.8,0,1.44,1.41,108
2020-03-02,lunes,3,2020,62,0,25.0,0,1.51,1.55,75
2020-03-03,martes,3,2020,63,0,28.2,0,1.49,1.48,75
2020-03-04,miércoles,3,2020,64,0,28.8,0,1.44,1.48,99
2020-03-05,jueves,3,2020,65,0,23.0,0,1.44,1.54,99
2020-03-06,viernes,3,2020,66,0,24.0,1,1.46,1.51,192
2020-03-07,sábado,3,2020,67,0,22.2,0,1.48,1.52,142
2020-03-08,domingo,3,2020,68,0,25.6,0,1.41,1.56,135
2020-03-09,lunes,3,2020,69,0,27.4,0,1.41,1.29,55
2020-03-10,martes,3,2020,70,0,28.9,1,1.43,1.36,152
2020-03-11,miércoles,3,2020,71,0,25.9,0,1.45,1.52,99
2020-03-12,jueves,3,2020,72,0,28.8,0,1.45,1.49,84
2020-03-13,viernes,3,2020,73,0,22.7,0,1.46,1.37,123
2020-03-14,sábado,3,2020,74,0,21.9,0,1.42,1.39,149
2020-03-15,domingo,3,2020,75,0,25.0,0,1.4,1.43,121
2020-03-16,lunes,3,2020,76,0,25.7,0,1.46,1.48,78
2020-03-17,martes,3,2020,77,0,24.8,0,1.43,1.54,78
2020-03-18,miércoles,3,2020,78,0,20.5,0,1.4,1.39,88
2020-03-19,jueves,3,2020,79,0,24.3,0,1.44,1.38,83
2020-03-20,viernes,3,2020,80,0,21.8,0,1.46,1.49,117
2020-03-21,sábado,3,2020,81,0,25.6,0,1.44,1.42,120
2020-03-22,domingo,3,2020,82,0,24.8,0,1.43,1.56,132
2020-03-23,lunes,3,2020,83,0,22.0,0,1.44,1.49,94
2020-03-24,martes,3,2020,84,0,22.7,0,1.43,1.4,73
2020-03-25,miércoles,3,2020,85,0,21.5,0,1.42,1.48,107
2020-03-26,jueves,3,2020,86,0,23.3,1,1.43,1.47,171
2020-03-27,viernes,3,2020,87,0,25.2,0,1.45,1.42,113
2020-03-28,sábado,3,2020,88,0,21.1,0,1.45,1.53,134
2020-03-29,domingo,3,2020,89,0,23.9,0,1.45,1.55,132
2020-03-30,lunes,3,2020,90,0,21.7,0,1.42,1.5,99
2020-03-31,martes,3,2020,91,0,21.0,0,1.44,1.32,84
2020-04-01,miércoles,4,2020,92,0,22.2,0,1.4,1.45,98
2020-04-02,jueves,4,2020,93,0,20.2,0,1.45,1.51,87
2020-04-03,viernes,4,2020,94,0,21.0,0,1.47,1.44,108
2020-04-04,sábado,4,2020,95,0,19.5,0,1.41,1.4,128
2020-04-05,domingo,4,2020,96,0,25.7,0,1.43,1.57,118
2020-04-06,lunes,4,2020,97,0,21.7,0,1.45,1.42,61
2020-04-07,martes,4,2020,98,0,20.0,0,1.47,1.58,81
2020-04-08,miércoles,4,2020,99,0,21.7,0,1.43,1.49,76
2020-04-09,jueves,4,2020,100,0,20.9,0,1.43,1.45,79
2020-04-10,viernes,4,2020,101,1,20.5,0,1.4,1.33,178
2020-04-11,sábado,4,2020,102,0,22.0,0,1.44,1.55,126
2020-04-12,domingo,4,2020,103,0,22.1,0,1.48,1.5,107
2020-04-13,lunes,4,2020,104,0,19.3,0,1.45,1.47,73
2020-04-14,martes,4,2020,105,0,19.1,0,1.44,1.51,67
2020-04-15,miércoles,4,2020,106,0,19.5,0,1.45,1.51,93
2020-04-16,jueves,4,2020,107,0,15.3,1,1.44,1.52,161
2020-04-17,viernes,4,2020,108,0,16.7,1,1.43,1.5,186
2020-04-18,sábado,4,2020,109,0,22.3,0,1.46,1.46,135
2020-04-19,domingo,4,2020,110,0,22.7,0,1.45,1.62,114
2020-04-20,lunes,4,2020,111,0,18.7,0,1.44,1.44,79
2020-04-21,martes,4,2020,112,0,20.2,0,1.42,1.39,67
2020-04-22,miércoles,4,2020,113,0,19.5,0,1.47,1.42,98
2020-04-23,jueves,4,2020,114,0,24.8,0,1.46,1.58,91
2020-04-24,viernes,4,2020,115,0,20.8,0,1.43,1.44,99
2020-04-25,sábado,4,2020,116,0,18.1,0,1.46,1.52,120
2020-04-26,domingo,4,2020,117,0,16.3,1,1.43,1.41,170
2020-04-27,lunes,4,2020,118,0,14.8,0,1.43,1.36,71
2020-04-28,martes,4,2020,119,0,18.2,1,1.43,1.48,170
2020-04-29,miércoles,4,2020,120,0,16.2,0,1.41,1.31,68
2020-04-30,jueves,4,2020,121,0,14.7,0,1.45,1.44,86
2020-05-01,viernes,5,2020,122,1,16.0,1,1.41,1.45,200
2020-05-02,sábado,5,2020,123,0,15.0,0,1.42,1.4,112
2020-05-03,domingo,5,2020,124,0,20.4,0,1.4,1.51,105
2020-05-04,lunes,5,2020,125,0,18.6,0,1.44,1.56,65
2020-05-05,martes,5,2020,126,0,16.7,0,1.44,1.47,70
2020-05-06,miércoles,5,2020,127,0,19.5,1,1.44,1.35,145
2020-05-07,jueves,5,2020,128,0,16.5,0,1.42,1.32,74
2020-05-08,viernes,5,2020,129,0,14.5,0,1.42,1.42,64
2020-05-09,sábado,5,2020,130,0,19.1,0,1.45,1.58,118
2020-05-10,domingo,5,2020,131,0,17.0,0,1.43,1.5,91
2020-05-11,lunes,5,2020,132,0,13.6,0,1.45,1.55,70
2020-05-12,martes,5,2020,133,0,15.2,0,1.42,1.36,73
2020-05-13,miércoles,5,2020,134,0,13.7,0,1.45,1.48,61
2020-05-14,jueves,5,2020,135,0,12.5,0,1.47,1.47,70
2020-05-15,viernes,5,2020,136,0,17.0,0,1.45,1.41,82
2020-05-16,sábado,5,2020,137,0,18.8,0,1.43,1.36,121
2020-05-17,domingo,5,2020,138,0,12.0,0,1.45,1.52,105
2020-05-18,lunes,5,2020,139,0,15.8,0,1.44,1.38,75
2020-05-19,martes,5,2020,140,0,13.2,0,1.44,1.44,66
2020-05-20,miércoles,5,2020,141,0,13.4,0,1.44,1.4,69
2020-05-21,jueves,5,2020,142,0,13.1,1,1.44,1.57,142
2020-05-22,viernes,5,2020,143,0,12.4,0,1.45,1.5,95
2020-05-23,sábado,5,2020,144,0,14.1,1,1.42,1.48,177
2020-05-24,domingo,5,2020,145,0,12.2,0,1.42,1.47,105
2020-05-25,lunes,5,2020,146,0,14.2,0,1.41,1.39,62
2020-05-26,martes,5,2020,147,0,13.5,1,1.41,1.45,145
2020-05-27,miércoles,5,2020,148,0,12.9,1,1.42,1.41,135
2020-05-28,jueves,5,2020,149,0,11.5,1,1.45,1.43,123
2020-05-29,viernes,5,2020,150,0,12.0,0,1.42,1.55,91
2020-05-30,sábado,5,2020,151,0,14.6,0,1.45,1.54,106
2020-05-31,domingo,5,2020,152,0,13.9,0,1.44,1.41,87
2020-06-01,lunes,6,2020,153,0,10.8,0,1.4,1.4,60
2020-06-02,martes,6,2020,154,0,12.9,0,1.46,1.5,59
2020-06-03,miércoles,6,2020,155,0,14.1,0,1.46,1.36,60
2020-06-04,jueves,6,2020,156,0,9.1,0,1.42,1.38,73
2020-06-05,viernes,6,2020,157,0,13.4,0,1.45,1.41,72
2020-06-06,sábado,6,2020,158,0,10.9,0,1.42,1.44,93
2020-06-07,domingo,6,2020,159,0,13.3,0,1.44,1.46,94
2020-06-08,lunes,6,2020,160,0,10.5,0,1.42,1.44,52
2020-06-09,martes,6,2020,161,0,8.3,0,1.41,1.35,46
2020-06-10,miércoles,6,2020,162,0,8.6,0,1.43,1.41,58
2020-06-11,jueves,6,2020,163,0,11.8,0,1.44,1.57,62
2020-06-12,viernes,6,2020,164,0,12.1,0,1.43,1.43,64
2020-06-13,sábado,6,2020,165,0,9.7,0,1.42,1.4,100
2020-06-14,domingo,6,2020,166,0,12.7,0,1.43,1.45,85
2020-06-15,lunes,6,2020,167,0,8.0,0,1.45,1.58,59
2020-06-16,martes,6,2020,168,0,11.1,0,1.44,1.49,50
2020-06-17,miércoles,6,2020,169,0,8.8,0,1.45,1.53,69
2020-06-18,jueves,6,2020,170,0,9.8,0,1.43,1.55,80
2020-06-19,viernes,6,2020,171,0,11.1,0,1.47,1.59,87
2020-06-20,sábado,6,2020,172,0,9.2,0,1.42,1.44,92
2020-06-21,domingo,6,2020,173,0,10.1,1,1.45,1.45,157
2020-06-22,lunes,6,2020,174,0,12.8,1,1.47,1.39,119
2020-06-23,martes,6,2020,175,0,9.6,0,1.45,1.5,55
2020-06-24,miércoles,6,2020,176,0,12.4,0,1.44,1.44,69
2020-06-25,jueves,6,2020,177,0,8.4,0,1.43,1.33,57
2020-06-26,viernes,6,2020,178,0,11.6,0,1.46,1.52,65
2020-06-27,sábado,6,2020,179,0,13.4,0,1.41,1.42,98
2020-06-28,domingo,6,2020,180,0,5.5,0,1.42,1.44,108
2020-06-29,lunes,6,2020,181,0,8.8,0,1.43,1.52,44
2020-06-30,martes,6,2020,182,0,11.5,0,1.47,1.44,52
2020-07-01,miércoles,7,2020,183,0,9.9,0,1.45,1.57,58
2020-07-02,jueves,7,2020,184,0,11.0,0,1.42,1.42,56
2020-07-03,viernes,7,2020,185,0,9.0,0,1.44,1.4,71
2020-07-04,sábado,7,2020,186,0,10.4,0,1.43,1.54,104
2020-07-05,domingo,7,2020,187,0,9.9,0,1.43,1.48,87
2020-07-06,lunes,7,2020,188,0,12.5,0,1.46,1.51,40
2020-07-07,martes,7,2020,189,0,10.6,1,1.41,1.37,105
2020-07-08,miércoles,7,2020,190,0,10.8,0,1.47,1.51,64
2020-07-09,jueves,7,2020,191,0,9.2,0,1.46,1.41,66
2020-07-10,viernes,7,2020,192,0,9.1,1,1.46,1.57,142
2020-07-11,sábado,7,2020,193,0,9.2,0,1.43,1.42,90
2020-07-12,domingo,7,2020,194,0,10.8,0,1.44,1.52,90
2020-07-13,lunes,7,2020,195,0,9.2,1,1.41,1.33,113
2020-07-14,martes,7,2020,196,0,10.6,0,1.43,1.34,53
2020-07-15,miércoles,7,2020,197,0,14.2,0,1.45,1.46,61
2020-07-16,jueves,7,2020,198,0,11.7,0,1.47,1.49,67
2020-07-17,viernes,7,2020,199,0,9.4,0,1.42,1.46,80
2020-07-18,sábado,7,2020,200,0,12.4,0,1.43,1.5,103
2020-07-19,domingo,7,2020,201,0,9.2,1,1.44,1.46,167
2020-07-20,lunes,7,2020,202,0,6.0,0,1.41,1.47,48
2020-07-21,martes,7,2020,203,0,8.0,0,1.45,1.37,37
2020-07-22,miércoles,7,2020,204,0,6.3,0,1.43,1.54,64
2020-07-23,jueves,7,2020,205,0,9.4,0,1.44,1.4,69
2020-07-24,viernes,7,2020,206,0,10.1,0,1.43,1.58,70
2020-07-25,sábado,7,2020,207,0,13.5,0,1.43,1.52,109
2020-07-26,domingo,7,2020,208,0,10.8,0,1.44,1.52,106
2020-07-27,lunes,7,2020,209,0,9.8,0,1.44,1.49,51
2020-07-28,martes,7,2020,210,0,11.9,0,1.43,1.47,45
2020-07-29,miércoles,7,2020,211,0,5.8,0,1.43,1.48,58
2020-07-30,jueves,7,2020,212,0,10.8,0,1.45,1.39,54
2020-07-31,viernes,7,2020,213,0,11.9,0,1.48,1.52,71
2020-08-01,sábado,8,2020,214,0,7.4,0,1.44,1.41,106
2020-08-02,domingo,8,2020,215,0,12.7,0,1.46,1.42,79
2020-08-03,lunes,8,2020,216,0,11.2,0,1.41,1.37,41
2020-08-04,martes,8,2020,217,0,9.7,0,1.45,1.43,53
2020-08-05,miércoles,8,2020,218,0,11.9,0,1.42,1.42,59
2020-08-06,jueves,8,2020,219,0,15.2,0,1.41,1.46,68
2020-08-07,viernes,8,2020,220,0,11.1,0,1.43,1.47,95
2020-08-08,sábado,8,2020,221,0,11.3,0,1.47,1.41,102
2020-08-09,domingo,8,2020,222,0,9.9,0,1.46,1.5,99
2020-08-10,lunes,8,2020,223,0,9.2,0,1.45,1.41,45
2020-08-11,martes,8,2020,224,0,12.7,0,1.41,1.43,61
2020-08-12,miércoles,8,2020,225,0,9.4,0,1.44,1.5,56
2020-08-13,jueves,8,2020,226,0,11.3,0,1.45,1.46,64
2020-08-14,viernes,8,2020,227,0,10.3,0,1.45,1.5,79
2020-08-15,sábado,8,2020,228,1,12.3,0,1.41,1.39,175
2020-08-16,domingo,8,2020,229,0,12.1,1,1.42,1.53,139
2020-08-17,lunes,8,2020,230,0,13.6,0,1.44,1.35,33
2020-08-18,martes,8,2020,231,0,10.6,0,1.45,1.48,52
2020-08-19,miércoles,8,2020,232,0,11.2,0,1.4,1.45,64
2020-08-20,jueves,8,2020,233,0,9.8,0,1.44,1.32,62
2020-08-21,viernes,8,2020,234,0,11.0,0,1.44,1.5,90
2020-08-22,sábado,8,2020,235,0,12.8,0,1.46,1.52,108
2020-08-23,domingo,8,2020,236,0,13.6,0,1.46,1.46,89
2020-08-24,lunes,8,2020,237,0,10.4,0,1.45,1.31,31
2020-08-25,martes,8,2020,238,0,14.1,0,1.43,1.42,52
2020-08-26,miércoles,8,2020,239,0,15.1,0,1.4,1.48,69
2020-08-27,jueves,8,2020,240,0,13.4,0,1.43,1.51,63
2020-08-28,viernes,8,2020,241,0,16.4,0,1.46,1.43,78
2020-08-29,sábado,8,2020,242,0,11.2,0,1.47,1.44,106
2020-08-30,domingo,8,2020,243,0,10.4,0,1.46,1.52,87
2020-08-31,lunes,8,2020,244,0,9.5,0,1.45,1.52,60
2020-09-01,martes,9,2020,245,0,16.1,0,1.45,1.32,72
2020-09-02,miércoles,9,2020,246,0,14.6,0,1.43,1.44,67
2020-09-03,jueves,9,2020,247,0,13.3,0,1.44,1.51,65
2020-09-04,viernes,9,2020,248,0,14.1,0,1.48,1.38,84
2020-09-05,sábado,9,2020,249,0,11.4,0,1.42,1.37,94
2020-09-06,domingo,9,2020,250,0,18.7,0,1.47,1.59,108
2020-09-07,lunes,9,2020,251,0,14.2,0,1.44,1.48,67
2020-09-08,martes,9,2020,252,0,14.3,0,1.47,1.46,75
2020-09-09,miércoles,9,2020,253,0,15.7,0,1.41,1.31,64
2020-09-10,jueves,9,2020,254,0,15.3,0,1.45,1.36,74
2020-09-11,viernes,9,2020,255,0,14.9,0,1.43,1.4,80
2020-09-12,sábado,9,2020,256,0,13.1,0,1.41,1.56,114
2020-09-13,domingo,9,2020,257,0,15.7,0,1.45,1.45,90
2020-09-14,lunes,9,2020,258,0,18.7,0,1.46,1.56,63
2020-09-15,martes,9,2020,259,0,17.8,0,1.43,1.53,63
2020-09-16,miércoles,9,2020,260,0,18.4,0,1.41,1.4,70
2020-09-17,jueves,9,2020,261,0,14.4,0,1.44,1.4,67
2020-09-18,viernes,9,2020,262,0,13.6,0,1.44,1.46,89
2020-09-19,sábado,9,2020,263,0,15.4,0,1.45,1.57,113
2020-09-20,domingo,9,2020,264,0,16.0,0,1.46,1.58,103
2020-09-21,lunes,9,2020,265,0,18.2,1,1.44,1.39,132
2020-09-22,martes,9,2020,266,0,12.8,0,1.48,1.57,65
2020-09-23,miércoles,9,2020,267,0,19.4,1,1.45,1.46,150
2020-09-24,jueves,9,2020,268,0,16.2,0,1.44,1.53,74
2020-09-25,viernes,9,2020,269,0,15.8,0,1.41,1.34,84
2020-09-26,sábado,9,2020,270,0,14.8,0,1.44,1.48,112
2020-09-27,domingo,9,2020,271,0,13.7,0,1.44,1.52,99
2020-09-28,lunes,9,2020,272,0,18.8,0,1.46,1.49,60
2020-09-29,martes,9,2020,273,0,17.4,0,1.45,1.44,79
2020-09-30,miércoles,9,2020,274,0,14.9,0,1.42,1.36,59
2020-10-01,jueves,10,2020,275,0,15.0,0,1.45,1.45,83
2020-10-02,viernes,10,2020,276,0,17.1,1,1.46,1.39,153
2020-10-03,sábado,10,2020,277,0,21.3,0,1.47,1.64,127
2020-10-04,domingo,10,2020,278,0,17.6,0,1.46,1.43,112
2020-10-05,lunes,10,2020,279,0,15.3,0,1.46,1.41,76
2020-10-06,martes,10,2020,280,0,18.0,0,1.44,1.5,63
2020-10-07,miércoles,10,2020,281,0,18.1,0,1.45,1.41,87
2020-10-08,jueves,10,2020,282,0,13.4,0,1.47,1.49,90
2020-10-09,viernes,10,2020,283,0,18.9,0,1.42,1.52,93
2020-10-10,sábado,10,2020,284,0,18.7,0,1.44,1.55,110
2020-10-11,domingo,10,2020,285,0,20.7,0,1.43,1.48,109
2020-10-12,lunes,10,2020,286,1,23.2,0,1.45,1.52,135
2020-10-13,martes,10,2020,287,0,21.9,0,1.47,1.42,94
2020-10-14,miércoles,10,2020,288,0,19.3,0,1.43,1.59,89
2020-10-15,jueves,10,2020,289,0,17.8,0,1.39,1.3,69
2020-10-16,viernes,10,2020,290,0,25.3,0,1.43,1.51,92
2020-10-17,sábado,10,2020,291,0,20.5,0,1.46,1.44,124
2020-10-18,domingo,10,2020,292,0,20.6,0,1.45,1.58,120
2020-10-19,lunes,10,2020,293,0,20.7,0,1.45,1.49,66
2020-10-20,martes,10,2020,294,0,21.3,0,1.44,1.46,75
2020-10-21,miércoles,10,2020,295,0,20.8,0,1.42,1.39,74
2020-10-22,jueves,10,2020,296,0,20.1,0,1.45,1.47,77
2020-10-23,viernes,10,2020,297,0,20.3,1,1.43,1.52,164
2020-10-24,sábado,10,2020,298,0,21.5,0,1.49,1.53,132
2020-10-25,domingo,10,2020,299,0,20.6,0,1.45,1.43,121
2020-10-26,lunes,10,2020,300,0,20.5,0,1.43,1.61,84
2020-10-27,martes,10,2020,301,0,22.3,0,1.43,1.51,73
2020-10-28,miércoles,10,2020,302,0,21.7,0,1.44,1.38,84
2020-10-29,jueves,10,2020,303,0,25.4,0,1.44,1.51,84
2020-10-30,viernes,10,2020,304,0,17.3,0,1.46,1.49,102
2020-10-31,sábado,10,2020,305,0,24.9,0,1.45,1.48,117
2020-11-01,domingo,11,2020,306,0,25.4,0,1.43,1.4,118
2020-11-02,lunes,11,2020,307,0,18.9,0,1.48,1.56,90
2020-11-03,martes,11,2020,308,0,22.5,0,1.44,1.47,107
2020-11-04,miércoles,11,2020,309,0,22.6,0,1.46,1.41,93
2020-11-05,jueves,11,2020,310,0,20.7,0,1.43,1.51,95
2020-11-06,viernes,11,2020,311,0,22.1,0,1.45,1.44,106
2020-11-07,sábado,11,2020,312,0,21.6,0,1.45,1.51,135
2020-11-08,domingo,11,2020,313,0,27.5,0,1.4,1.43,138
2020-11-09,lunes,11,2020,314,0,26.1,1,1.48,1.57,159
2020-11-10,martes,11,2020,315,0,26.9,0,1.47,1.45,87
2020-11-11,miércoles,11,2020,316,0,25.9,0,1.43,1.41,84
2020-11-12,jueves,11,2020,317,0,22.4,0,1.42,1.39,99
2020-11-13,viernes,11,2020,318,0,23.7,0,1.45,1.47,117
2020-11-14,sábado,11,2020,319,0,25.9,0,1.44,1.55,130
2020-11-15,domingo,11,2020,320,0,22.6,0,1.45,1.42,121
2020-11-16,lunes,11,2020,321,0,26.7,0,1.45,1.57,97
2020-11-17,martes,11,2020,322,0,24.9,0,1.45,1.4,90
2020-11-18,miércoles,11,2020,323,0,24.8,0,1.47,1.51,95
2020-11-19,jueves,11,2020,324,0,27.1,0,1.45,1.55,99
2020-11-20,viernes,11,2020,325,0,26.7,0,1.42,1.53,112
2020-11-21,sábado,11,2020,326,0,25.2,0,1.47,1.43,148
2020-11-22,domingo,11,2020,327,0,28.4,0,1.47,1.5,119
2020-11-23,lunes,11,2020,328,0,24.1,0,1.51,1.45,87
2020-11-24,martes,11,2020,329,0,27.6,0,1.42,1.39,67
2020-11-25,miércoles,11,2020,330,0,27.7,0,1.45,1.55,80
2020-11-26,jueves,11,2020,331,0,26.0,0,1.4,1.46,84
2020-11-27,viernes,11,2020,332,0,27.4,0,1.45,1.39,113
2020-11-28,sábado,11,2020,333,0,24.4,0,1.43,1.51,116
2020-11-29,domingo,11,2020,334,0,28.8,0,1.48,1.54,115
2020-11-30,lunes,11,2020,335,0,26.8,0,1.43,1.41,56
2020-12-01,martes,12,2020,336,0,26.2,0,1.41,1.43,85
2020-12-02,miércoles,12,2020,337,0,29.5,0,1.43,1.47,88
2020-12-03,jueves,12,2020,338,0,26.1,0,1.4,1.37,112
2020-12-04,viernes,12,2020,339,0,24.8,0,1.46,1.44,120
2020-12-05,sábado,12,2020,340,0,24.6,0,1.4,1.43,138
2020-12-06,domingo,12,2020,341,0,29.0,0,1.44,1.38,133
2020-12-07,lunes,12,2020,342,1,25.4,0,1.4,1.51,153
2020-12-08,martes,12,2020,343,1,31.5,0,1.44,1.5,142
2020-12-09,miércoles,12,2020,344,0,24.0,0,1.47,1.44,88
2020-12-10,jueves,12,2020,345,0,31.6,0,1.45,1.58,88
2020-12-11,viernes,12,2020,346,0,28.7,0,1.42,1.52,108
2020-12-12,sábado,12,2020,347,0,28.2,0,1.44,1.56,141
2020-12-13,domingo,12,2020,348,0,27.4,0,1.44,1.42,129
2020-12-14,lunes,12,2020,349,0,29.4,0,1.45,1.48,99
2020-12-15,martes,12,2020,350,0,28.6,0,1.41,1.49,93
2020-12-16,miércoles,12,2020,351,0,31.0,0,1.45,1.4,65
2020-12-17,jueves,12,2020,352,0,29.1,0,1.39,1.5,102
2020-12-18,viernes,12,2020,353,0,29.2,0,1.43,1.43,100
2020-12-19,sábado,12,2020,354,0,28.3,0,1.43,1.4,129
2020-12-20,domingo,12,2020,355,0,29.0,0,1.45,1.43,119
2020-12-21,lunes,12,2020,356,0,29.8,1,1.44,1.47,147
2020-12-22,martes,12,2020,357,0,25.8,0,1.41,1.49,83
2020-12-23,miércoles,12,2020,358,0,26.6,0,1.42,1.44,97
2020-12-24,jueves,12,2020,359,0,30.8,0,1.45,1.38,80
2020-12-25,viernes,12,2020,360,1,29.7,0,1.44,1.37,177
2020-12-26,sábado,12,2020,361,0,29.1,0,1.43,1.46,155
2020-12-27,domingo,12,2020,362,0,29.5,0,1.43,1.41,115
2020-12-28,lunes,12,2020,363,0,30.3,0,1.46,1.5,83
2020-12-29,martes,12,2020,364,0,28.5,0,1.43,1.51,69
2020-12-30,miércoles,12,2020,365,0,28.1,0,1.44,1.48,91
2020-12-31,jueves,12,2020,366,0,30.1,0,1.49,1.57,101
2021-01-01,viernes,1,2021,1,1,27.8,1,1.46,1.56,261
2021-01-02,sábado,1,2021,2,0,30.6,0,1.45,1.55,145
2021-01-03,domingo,1,2021,3,0,26.4,0,1.5,1.5,145
2021-01-04,lunes,1,2021,4,0,31.9,0,1.47,1.4,109
2021-01-05,martes,1,2021,5,0,30.8,0,1.48,1.51,106
2021-01-06,miércoles,1,2021,6,1,30.4,0,1.47,1.63,149
2021-01-07,jueves,1,2021,7,0,31.9,0,1.48,1.59,91
2021-01-08,viernes,1,2021,8,0,33.3,0,1.52,1.65,112
2021-01-09,sábado,1,2021,9,0,32.0,0,1.5,1.41,130
2021-01-10,domingo,1,2021,10,0,26.3,0,1.5,1.64,145
2021-01-11,lunes,1,2021,11,0,27.4,1,1.46,1.5,140
2021-01-12,martes,1,2021,12,0,28.7,0,1.46,1.41,93
2021-01-13,miércoles,1,2021,13,0,30.0,0,1.43,1.44,105
2021-01-14,jueves,1,2021,14,0,31.0,0,1.47,1.32,97
2021-01-15,viernes,1,2021,15,0,28.5,0,1.5,1.51,112
2021-01-16,sábado,1,2021,16,0,30.4,0,1.5,1.47,150
2021-01-17,domingo,1,2021,17,0,28.5,0,1.48,1.47,120
2021-01-18,lunes,1,2021,18,0,28.8,0,1.48,1.53,93
2021-01-19,martes,1,2021,19,0,27.2,0,1.47,1.55,99
2021-01-20,miércoles,1,2021,20,0,28.1,0,1.49,1.52,101
2021-01-21,jueves,1,2021,21,0,27.2,1,1.5,1.48,168
2021-01-22,viernes,1,2021,22,0,28.0,1,1.45,1.51,180
2021-01-23,sábado,1,2021,23,0,32.0,0,1.49,1.62,142
2021-01-24,domingo,1,2021,24,0,28.0,1,1.5,1.43,197
2021-01-25,lunes,1,2021,25,0,35.1,0,1.48,1.49,82
2021-01-26,martes,1,2021,26,0,30.8,0,1.5,1.47,85
2021-01-27,miércoles,1,2021,27,0,30.2,0,1.54,1.48,101
2021-01-28,jueves,1,2021,28,0,28.0,0,1.48,1.55,102
2021-01-29,viernes,1,2021,29,0,31.1,0,1.49,1.49,123
2021-01-30,sábado,1,2021,30,0,28.5,0,1.47,1.46,145
2021-01-31,domingo,1,2021,31,0,29.9,1,1.49,1.62,197
2021-02-01,lunes,2,2021,32,0,34.7,0,1.49,1.55,89
2021-02-02,martes,2,2021,33,0,29.3,0,1.49,1.56,86
2021-02-03,miércoles,2,2021,34,0,31.8,0,1.46,1.42,96
2021-02-04,jueves,2,2021,35,0,28.0,0,1.49,1.57,106
2021-02-05,viernes,2,2021,36,0,29.3,0,1.51,1.5,110
2021-02-06,sábado,2,2021,37,0,32.8,1,1.49,1.46,214
2021-02-07,domingo,2,2021,38,0,28.0,0,1.5,1.4,134
2021-02-08,lunes,2,2021,39,0,32.8,0,1.48,1.46,94
2021-02-09,martes,2,2021,40,0,30.5,0,1.5,1.54,97
2021-02-10,miércoles,2,2021,41,0,27.9,1,1.49,1.54,158
2021-02-11,jueves,2,2021,42,0,30.2,0,1.47,1.46,90
2021-02-12,viernes,2,2021,43,0,30.8,0,1.49,1.4,130
2021-02-13,sábado,2,2021,44,0,30.0,0,1.47,1.54,130
2021-02-14,domingo,2,2021,45,0,25.6,0,1.47,1.39,142
2021-02-15,lunes,2,2021,46,0,27.2,1,1.49,1.56,158
2021-02-16,martes,2,2021,47,0,28.0,0,1.49,1.44,81
2021-02-17,miércoles,2,2021,48,0,28.3,0,1.46,1.44,96
2021-02-18,jueves,2,2021,49,0,29.6,0,1.51,1.53,99
2021-02-19,viernes,2,2021,50,0,28.6,0,1.5,1.55,128
2021-02-20,sábado,2,2021,51,0,25.5,1,1.47,1.48,220
2021-02-21,domingo,2,2021,52,0,28.8,0,1.45,1.4,128
2021-02-22,lunes,2,2021,53,0,29.2,0,1.48,1.58,74
2021-02-23,martes,2,2021,54,0,29.0,0,1.48,1.62,108
2021-02-24,miércoles,2,2021,55,0,29.9,0,1.49,1.44,84
2021-02-25,jueves,2,2021,56,0,29.3,0,1.48,1.56,105
2021-02-26,viernes,2,2021,57,0,28.4,0,1.45,1.58,120
2021-02-27,sábado,2,2021,58,0,27.2,0,1.48,1.47,142
2021-02-28,domingo,2,2021,59,0,23.9,0,1.48,1.43,144
2021-03-01,lunes,3,2021,60,0,28.0,0,1.5,1.57,98
2021-03-02,martes,3,2021,61,0,27.4,0,1.47,1.46,86
2021-03-03,miércoles,3,2021,62,0,27.4,0,1.52,1.56,95
2021-03-04,jueves,3,2021,63,0,24.2,1,1.45,1.42,152
2021-03-05,viernes,3,2021,64,0,24.5,0,1.51,1.44,119
2021-03-06,sábado,3,2021,65,0,28.6,0,1.48,1.54,130
2021-03-07,domingo,3,2021,66,0,26.3,0,1.5,1.49,134
2021-03-08,lunes,3,2021,67,0,27.6,0,1.49,1.49,92
2021-03-09,martes,3,2021,68,0,26.2,0,1.51,1.53,95
2021-03-10,miércoles,3,2021,69,0,26.0,0,1.48,1.43,85
2021-03-11,jueves,3,2021,70,0,27.7,0,1.46,1.54,95
2021-03-12,viernes,3,2021,71,0,24.7,0,1.51,1.56,116
2021-03-13,sábado,3,2021,72,0,25.8,0,1.48,1.52,126
2021-03-14,domingo,3,2021,73,0,24.5,0,1.49,1.47,140
2021-03-15,lunes,3,2021,74,0,24.4,0,1.51,1.43,86
2021-03-16,martes,3,2021,75,0,24.5,0,1.46,1.48,91
2021-03-17,miércoles,3,2021,76,0,25.4,0,1.5,1.44,86
2021-03-18,jueves,3,2021,77,0,23.9,0,1.47,1.62,93
2021-03-19,viernes,3,2021,78,0,27.2,0,1.48,1.48,105
2021-03-20,sábado,3,2021,79,0,22.7,0,1.49,1.54,144
2021-03-21,domingo,3,2021,80,0,24.0,0,1.46,1.47,135
2021-03-22,lunes,3,2021,81,0,23.3,1,1.47,1.51,156
2021-03-23,martes,3,2021,82,0,27.0,0,1.51,1.42,85
2021-03-24,miércoles,3,2021,83,0,24.3,0,1.5,1.57,92
2021-03-25,jueves,3,2021,84,0,25.8,0,1.48,1.44,99
2021-03-26,viernes,3,2021,85,0,20.6,1,1.49,1.61,190
2021-03-27,sábado,3,2021,86,0,24.0,0,1.48,1.45,144
2021-03-28,domingo,3,2021,87,0,25.0,0,1.51,1.6,136
2021-03-29,lunes,3,2021,88,0,23.3,1,1.48,1.6,147
2021-03-30,martes,3,2021,89,0,25.1,0,1.49,1.5,76
2021-03-31,miércoles,3,2021,90,0,21.7,0,1.51,1.64,92
2021-04-01,jueves,4,2021,91,0,25.4,1,1.47,1.39,146
2021-04-02,viernes,4,2021,92,1,27.0,0,1.52,1.6,153
2021-04-03,sábado,4,2021,93,0,21.5,0,1.45,1.46,134
2021-04-04,domingo,4,2021,94,0,21.2,0,1.52,1.51,132
2021-04-05,lunes,4,2021,95,0,24.8,0,1.48,1.48,81
2021-04-06,martes,4,2021,96,0,24.9,0,1.48,1.41,84
2021-04-07,miércoles,4,2021,97,0,20.5,0,1.45,1.51,87
2021-04-08,jueves,4,2021,98,0,20.6,1,1.48,1.43,161
2021-04-09,viernes,4,2021,99,0,20.7,1,1.46,1.57,183
2021-04-10,sábado,4,2021,100,0,18.4,0,1.47,1.5,124
2021-04-11,domingo,4,2021,101,0,19.1,0,1.48,1.61,135
2021-04-12,lunes,4,2021,102,0,18.7,0,1.5,1.49,85
2021-04-13,martes,4,2021,103,0,19.0,0,1.49,1.53,85
2021-04-14,miércoles,4,2021,104,0,20.3,1,1.49,1.54,167
2021-04-15,jueves,4,2021,105,0,20.7,0,1.46,1.53,76
2021-04-16,viernes,4,2021,106,0,23.2,0,1.47,1.4,106
2021-04-17,sábado,4,2021,107,0,17.9,0,1.52,1.46,117
2021-04-18,domingo,4,2021,108,0,21.7,0,1.47,1.43,119
2021-04-19,lunes,4,2021,109,0,19.1,0,1.52,1.6,79
2021-04-20,martes,4,2021,110,0,19.3,0,1.48,1.43,84
2021-04-21,miércoles,4,2021,111,0,20.5,0,1.49,1.54,88
2021-04-22,jueves,4,2021,112,0,16.8,0,1.51,1.49,99
2021-04-23,viernes,4,2021,113,0,19.6,0,1.51,1.63,102
2021-04-24,sábado,4,2021,114,0,19.0,0,1.48,1.63,139
2021-04-25,domingo,4,2021,115,0,19.5,0,1.48,1.51,122
2021-04-26,lunes,4,2021,116,0,18.9,0,1.48,1.43,65
2021-04-27,martes,4,2021,117,0,23.1,0,1.49,1.45,69
2021-04-28,miércoles,4,2021,118,0,16.7,0,1.5,1.44,82
2021-04-29,jueves,4,2021,119,0,16.8,0,1.49,1.41,96
2021-04-30,viernes,4,2021,120,0,16.4,0,1.5,1.59,110
2021-05-01,sábado,5,2021,121,1,16.4,0,1.52,1.55,149
2021-05-02,domingo,5,2021,122,0,16.1,1,1.49,1.61,175
2021-05-03,lunes,5,2021,123,0,19.5,0,1.49,1.53,84
2021-05-04,martes,5,2021,124,0,19.8,0,1.45,1.49,69
2021-05-05,miércoles,5,2021,125,0,15.7,0,1.43,1.47,71
2021-05-06,jueves,5,2021,126,0,15.0,0,1.49,1.51,81
2021-05-07,viernes,5,2021,127,0,17.5,0,1.48,1.45,97
2021-05-08,sábado,5,2021,128,0,15.3,0,1.47,1.46,113
2021-05-09,domingo,5,2021,129,0,17.5,0,1.49,1.56,113
2021-05-10,lunes,5,2021,130,0,16.4,0,1.48,1.53,66
2021-05-11,martes,5,2021,131,0,12.8,0,1.51,1.64,76
2021-05-12,miércoles,5,2021,132,0,18.8,0,1.49,1.42,72
2021-05-13,jueves,5,2021,133,0,19.2,0,1.47,1.44,80
2021-05-14,viernes,5,2021,134,0,14.2,1,1.51,1.56,155
2021-05-15,sábado,5,2021,135,0,14.5,0,1.48,1.51,111
2021-05-16,domingo,5,2021,136,0,15.7,0,1.5,1.45,113
2021-05-17,lunes,5,2021,137,0,15.6,0,1.48,1.56,68
2021-05-18,martes,5,2021,138,0,16.1,0,1.47,1.65,74
2021-05-19,miércoles,5,2021,139,0,18.7,1,1.49,1.55,136
2021-05-20,jueves,5,2021,140,0,14.2,1,1.49,1.48,143
2021-05-21,viernes,5,2021,141,0,12.8,1,1.49,1.56,153
2021-05-22,sábado,5,2021,142,0,11.5,0,1.48,1.54,118
2021-05-23,domingo,5,2021,143,0,12.6,0,1.45,1.46,114
2021-05-24,lunes,5,2021,144,0,13.9,0,1.48,1.5,77
2021-05-25,martes,5,2021,145,0,17.4,0,1.5,1.59,65
2021-05-26,miércoles,5,2021,146,0,12.7,1,1.48,1.46,143
2021-05-27,jueves,5,2021,147,0,14.0,1,1.48,1.51,145
2021-05-28,viernes,5,2021,148,0,13.4,1,1.5,1.47,159
2021-05-29,sábado,5,2021,149,0,15.7,0,1.47,1.52,121
2021-05-30,domingo,5,2021,150,0,18.2,0,1.45,1.4,103
2021-05-31,lunes,5,2021,151,0,12.0,0,1.48,1.54,72
2021-06-01,martes,6,2021,152,0,11.9,1,1.33,1.28,126
2021-06-02,miércoles,6,2021,153,0,14.9,0,1.32,1.21,63
2021-06-03,jueves,6,2021,154,0,14.1,0,1.33,1.18,59
2021-06-04,viernes,6,2021,155,0,16.3,0,1.35,1.23,90
2021-06-05,sábado,6,2021,156,0,13.6,0,1.34,1.2,97
2021-06-06,domingo,6,2021,157,0,11.6,1,1.34,1.16,146
2021-06-07,lunes,6,2021,158,0,13.4,0,1.37,1.27,60
2021-06-08,martes,6,2021,159,0,14.3,0,1.33,1.24,71
2021-06-09,miércoles,6,2021,160,0,13.7,0,1.34,1.24,60
2021-06-10,jueves,6,2021,161,0,12.9,0,1.33,1.17,72
2021-06-11,viernes,6,2021,162,0,14.0,0,1.32,1.18,90
2021-06-12,sábado,6,2021,163,0,14.1,0,1.33,1.21,114
2021-06-13,domingo,6,2021,164,0,14.4,0,1.33,1.37,99
2021-06-14,lunes,6,2021,165,0,12.8,0,1.34,1.34,51
2021-06-15,martes,6,2021,166,0,11.1,0,1.38,1.32,40
2021-06-16,miércoles,6,2021,167,0,11.6,0,1.32,1.23,61
2021-06-17,jueves,6,2021,168,0,13.7,0,1.33,1.12,74
2021-06-18,viernes,6,2021,169,0,9.6,1,1.34,1.37,138
2021-06-19,sábado,6,2021,170,0,11.8,0,1.34,1.24,113
2021-06-20,domingo,6,2021,171,0,10.2,0,1.34,1.22,89
2021-06-21,lunes,6,2021,172,0,11.0,0,1.36,1.33,60
2021-06-22,martes,6,2021,173,0,13.4,0,1.29,1.12,62
2021-06-23,miércoles,6,2021,174,0,11.2,0,1.29,1.24,59
2021-06-24,jueves,6,2021,175,0,10.8,1,1.33,1.26,133
2021-06-25,viernes,6,2021,176,0,8.0,0,1.36,1.2,77
2021-06-26,sábado,6,2021,177,0,12.1,1,1.31,1.19,169
2021-06-27,domingo,6,2021,178,0,11.9,0,1.28,1.11,99
2021-06-28,lunes,6,2021,179,0,14.8,0,1.35,1.29,59
2021-06-29,martes,6,2021,180,0,9.8,0,1.34,1.25,70
2021-06-30,miércoles,6,2021,181,0,10.8,0,1.31,1.21,68
2021-07-01,jueves,7,2021,182,0,10.9,0,1.32,1.15,57
2021-07-02,viernes,7,2021,183,0,13.5,0,1.32,1.22,79
2021-07-03,sábado,7,2021,184,0,10.1,0,1.34,1.24,104
2021-07-04,domingo,7,2021,185,0,10.8,0,1.32,1.22,95
2021-07-05,lunes,7,2021,186,0,11.4,0,1.35,1.2,73
2021-07-06,martes,7,2021,187,0,10.5,1,1.28,1.12,137
2021-07-07,miércoles,7,2021,188,0,9.2,0,1.32,1.32,46
2021-07-08,jueves,7,2021,189,0,10.5,1,1.31,1.27,121
2021-07-09,viernes,7,2021,190,0,12.2,0,1.33,1.18,63
2021-07-10,sábado,7,2021,191,0,8.0,0,1.33,1.25,102
2021-07-11,domingo,7,2021,192,0,10.3,0,1.35,1.24,78
2021-07-12,lunes,7,2021,193,0,8.6,0,1.3,1.22,48
2021-07-13,martes,7,2021,194,0,12.4,0,1.34,1.24,42
2021-07-14,miércoles,7,2021,195,0,7.0,1,1.35,1.3,132
2021-07-15,jueves,7,2021,196,0,8.9,0,1.37,1.24,63
2021-07-16,viernes,7,2021,197,0,10.8,0,1.33,1.29,83
2021-07-17,sábado,7,2021,198,0,13.1,0,1.34,1.22,103
2021-07-18,domingo,7,2021,199,0,9.9,0,1.3,1.22,84
2021-07-19,lunes,7,2021,200,0,8.9,0,1.29,1.07,56
2021-07-20,martes,7,2021,201,0,13.8,0,1.35,1.3,71
2021-07-21,miércoles,7,2021,202,0,7.1,0,1.34,1.26,63
2021-07-22,jueves,7,2021,203,0,5.6,0,1.36,1.29,61
2021-07-23,viernes,7,2021,204,0,10.9,0,1.31,1.2,68
2021-07-24,sábado,7,2021,205,0,9.1,0,1.35,1.26,97
2021-07-25,domingo,7,2021,206,0,8.1,0,1.37,1.26,97
2021-07-26,lunes,7,2021,207,0,11.5,0,1.35,1.23,62
2021-07-27,martes,7,2021,208,0,10.6,0,1.34,1.18,55
2021-07-28,miércoles,7,2021,209,0,9.1,1,1.34,1.2,138
2021-07-29,jueves,7,2021,210,0,7.7,0,1.31,1.29,72
2021-07-30,viernes,7,2021,211,0,12.0,0,1.36,1.31,84
2021-07-31,sábado,7,2021,212,0,11.6,0,1.32,1.21,99
2021-08-01,domingo,8,2021,213,0,10.1,0,1.35,1.28,100
2021-08-02,lunes,8,2021,214,0,14.1,1,1.31,1.17,114
2021-08-03,martes,8,2021,215,0,8.3,0,1.31,1.15,57
2021-08-04,miércoles,8,2021,216,0,7.4,0,1.37,1.18,63
2021-08-05,jueves,8,2021,217,0,9.2,0,1.33,1.31,83
2021-08-06,viernes,8,2021,218,0,10.5,0,1.37,1.2,70
2021-08-07,sábado,8,2021,219,0,11.2,1,1.34,1.19,165
2021-08-08,domingo,8,2021,220,0,10.2,0,1.3,1.16,109
2021-08-09,lunes,8,2021,221,0,11.5,1,1.35,1.26,124
2021-08-10,martes,8,2021,222,0,8.4,0,1.32,1.17,63
2021-08-11,miércoles,8,2021,223,0,13.8,0,1.35,1.19,66
2021-08-12,jueves,8,2021,224,0,10.8,0,1.34,1.24,78
2021-08-13,viernes,8,2021,225,0,13.3,0,1.31,1.25,75
2021-08-14,sábado,8,2021,226,0,11.9,0,1.34,1.25,97
2021-08-15,domingo,8,2021,227,0,12.2,0,1.38,1.33,98
2021-08-16,lunes,8,2021,228,0,12.5,0,1.35,1.25,40
2021-08-17,martes,8,2021,229,0,12.3,0,1.34,1.14,65
2021-08-18,miércoles,8,2021,230,0,12.8,0,1.36,1.3,73
2021-08-19,jueves,8,2021,231,0,14.3,1,1.34,1.17,132
2021-08-20,viernes,8,2021,232,0,12.1,0,1.34,1.23,79
2021-08-21,sábado,8,2021,233,0,13.2,0,1.31,1.2,107
2021-08-22,domingo,8,2021,234,0,11.7,0,1.34,1.27,99
2021-08-23,lunes,8,2021,235,0,14.9,0,1.36,1.36,61
2021-08-24,martes,8,2021,236,0,10.7,0,1.32,1.3,64
2021-08-25,miércoles,8,2021,237,0,15.8,1,1.37,1.35,139
2021-08-26,jueves,8,2021,238,0,12.2,0,1.33,1.22,75
2021-08-27,viernes,8,2021,239,0,9.6,0,1.32,1.23,87
2021-08-28,sábado,8,2021,240,0,12.8,0,1.36,1.28,103
2021-08-29,domingo,8,2021,241,0,11.3,1,1.33,1.2,164
2021-08-30,lunes,8,2021,242,0,14.5,0,1.35,1.19,45
2021-08-31,martes,8,2021,243,0,11.6,0,1.33,1.24,57
2021-09-01,miércoles,9,2021,244,0,12.1,0,1.48,1.61,83
2021-09-02,jueves,9,2021,245,0,9.4,1,1.5,1.45,134
2021-09-03,viernes,9,2021,246,0,12.4,0,1.49,1.49,94
2021-09-04,sábado,9,2021,247,0,8.5,0,1.45,1.46,122
2021-09-05,domingo,9,2021,248,0,10.4,0,1.46,1.54,103
2021-09-06,lunes,9,2021,249,0,15.2,0,1.5,1.53,67
2021-09-07,martes,9,2021,250,0,15.4,0,1.48,1.55,68
2021-09-08,miércoles,9,2021,251,0,14.8,0,1.47,1.45,67
2021-09-09,jueves,9,2021,252,0,12.1,0,1.46,1.5,97
2021-09-10,viernes,9,2021,253,0,14.1,0,1.46,1.33,83
2021-09-11,sábado,9,2021,254,0,14.3,0,1.44,1.57,129
2021-09-12,domingo,9,2021,255,0,12.2,0,1.48,1.52,105
2021-09-13,lunes,9,2021,256,0,17.6,0,1.47,1.48,59
2021-09-14,martes,9,2021,257,0,16.5,0,1.47,1.48,68
2021-09-15,miércoles,9,2021,258,0,14.5,0,1.48,1.52,78
2021-09-16,jueves,9,2021,259,0,15.1,0,1.49,1.39,82
2021-09-17,viernes,9,2021,260,0,15.6,0,1.53,1.61,106
2021-09-18,sábado,9,2021,261,0,11.3,0,1.46,1.41,140
2021-09-19,domingo,9,2021,262,0,15.0,0,1.51,1.48,108
2021-09-20,lunes,9,2021,263,0,14.3,0,1.5,1.44,60
2021-09-21,martes,9,2021,264,0,13.8,0,1.47,1.5,72
2021-09-22,miércoles,9,2021,265,0,15.4,0,1.49,1.51,70
2021-09-23,jueves,9,2021,266,0,19.8,0,1.48,1.51,85
2021-09-24,viernes,9,2021,267,0,17.6,0,1.49,1.59,84
2021-09-25,sábado,9,2021,268,0,15.3,0,1.52,1.56,136
2021-09-26,domingo,9,2021,269,0,17.8,0,1.5,1.63,117
2021-09-27,lunes,9,2021,270,0,19.6,0,1.5,1.54,54
2021-09-28,martes,9,2021,271,0,18.8,0,1.48,1.53,63
2021-09-29,miércoles,9,2021,272,0,17.2,0,1.46,1.43,78
2021-09-30,jueves,9,2021,273,0,16.0,0,1.48,1.53,88
2021-10-01,viernes,10,2021,274,0,18.9,0,1.51,1.51,94
2021-10-02,sábado,10,2021,275,0,18.4,0,1.45,1.54,138
2021-10-03,domingo,10,2021,276,0,19.6,0,1.46,1.5,105
2021-10-04,lunes,10,2021,277,0,19.2,0,1.49,1.4,77
2021-10-05,martes,10,2021,278,0,20.2,0,1.47,1.44,88
2021-10-06,miércoles,10,2021,279,0,17.2,0,1.47,1.57,83
2021-10-07,jueves,10,2021,280,0,21.1,0,1.48,1.49,78
2021-10-08,viernes,10,2021,281,0,19.0,0,1.46,1.51,107
2021-10-09,sábado,10,2021,282,0,23.0,0,1.47,1.47,123
2021-10-10,domingo,10,2021,283,0,17.6,0,1.5,1.58,126
2021-10-11,lunes,10,2021,284,1,22.6,0,1.46,1.36,120
2021-10-12,martes,10,2021,285,1,19.7,0,1.45,1.37,124
2021-10-13,miércoles,10,2021,286,0,18.2,0,1.47,1.53,70
2021-10-14,jueves,10,2021,287,0,18.7,0,1.5,1.64,94
2021-10-15,viernes,10,2021,288,0,19.2,0,1.48,1.5,104
2021-10-16,sábado,10,2021,289,0,20.9,0,1.48,1.42,119
2021-10-17,domingo,10,2021,290,0,21.2,0,1.49,1.52,122
2021-10-18,lunes,10,2021,291,0,19.2,0,1.45,1.52,90
2021-10-19,martes,10,2021,292,0,20.5,0,1.5,1.62,81
2021-10-20,miércoles,10,2021,293,0,25.0,0,1.49,1.59,85
2021-10-21,jueves,10,2021,294,0,24.3,0,1.48,1.38,86
2021-10-22,viernes,10,2021,295,0,21.9,0,1.51,1.46,93
2021-10-23,sábado,10,2021,296,0,21.3,0,1.46,1.48,147
2021-10-24,domingo,10,2021,297,0,21.6,0,1.51,1.64,119
2021-10-25,lunes,10,2021,298,0,22.8,0,1.49,1.45,83
2021-10-26,martes,10,2021,299,0,19.7,0,1.48,1.41,84
2021-10-27,miércoles,10,2021,300,0,21.4,0,1.48,1.49,84
2021-10-28,jueves,10,2021,301,0,18.7,0,1.48,1.42,93
2021-10-29,viernes,10,2021,302,0,23.0,1,1.51,1.49,162
2021-10-30,sábado,10,2021,303,0,23.7,0,1.46,1.44,116
2021-10-31,domingo,10,2021,304,0,21.6,0,1.47,1.54,119
2021-11-01,lunes,11,2021,305,1,25.9,0,1.51,1.6,148
2021-11-02,martes,11,2021,306,0,20.4,1,1.47,1.46,141
2021-11-03,miércoles,11,2021,307,0,20.1,0,1.5,1.59,89
2021-11-04,jueves,11,2021,308,0,23.7,1,1.52,1.58,172
2021-11-05,viernes,11,2021,309,0,25.5,0,1.48,1.49,125
2021-11-06,sábado,11,2021,310,0,26.9,0,1.5,1.52,143
2021-11-07,domingo,11,2021,311,0,22.8,0,1.46,1.46,141
2021-11-08,lunes,11,2021,312,0,26.0,1,1.5,1.45,150
2021-11-09,martes,11,2021,313,0,23.9,0,1.49,1.44,83
2021-11-10,miércoles,11,2021,314,0,23.8,0,1.49,1.43,87
2021-11-11,jueves,11,2021,315,0,26.1,0,1.47,1.51,102
2021-11-12,viernes,11,2021,316,0,25.8,0,1.45,1.51,115
2021-11-13,sábado,11,2021,317,0,21.5,0,1.5,1.56,143
2021-11-14,domingo,11,2021,318,0,27.7,0,1.44,1.56,138
2021-11-15,lunes,11,2021,319,0,27.7,0,1.48,1.45,86
2021-11-16,martes,11,2021,320,0,23.8,0,1.5,1.46,81
2021-11-17,miércoles,11,2021,321,0,26.0,0,1.49,1.46,85
2021-11-18,jueves,11,2021,322,0,26.4,0,1.52,1.51,100
2021-11-19,viernes,11,2021,323,0,26.1,0,1.51,1.45,117
2021-11-20,sábado,11,2021,324,0,24.6,0,1.47,1.51,144
2021-11-21,domingo,11,2021,325,0,24.5,0,1.49,1.59,146
2021-11-22,lunes,11,2021,326,0,25.9,0,1.48,1.45,99
2021-11-23,martes,11,2021,327,0,28.4,0,1.45,1.36,84
2021-11-24,miércoles,11,2021,328,0,27.3,0,1.47,1.55,85
2021-11-25,jueves,11,2021,329,0,25.6,0,1.47,1.42,85
2021-11-26,viernes,11,2021,330,0,28.0,0,1.44,1.5,107
2021-11-27,sábado,11,2021,331,0,20.9,0,1.49,1.53,149
2021-11-28,domingo,11,2021,332,0,29.0,0,1.48,1.58,139
2021-11-29,lunes,11,2021,333,0,23.4,1,1.45,1.45,146
2021-11-30,martes,11,2021,334,0,26.3,0,1.49,1.55,96
2021-12-01,miércoles,12,2021,335,0,24.9,0,1.5,1.4,97
2021-12-02,jueves,12,2021,336,0,24.7,1,1.49,1.51,179
2021-12-03,viernes,12,2021,337,0,29.7,0,1.48,1.48,121
2021-12-04,sábado,12,2021,338,0,26.5,0,1.5,1.51,129
2021-12-05,domingo,12,2021,339,0,28.3,0,1.5,1.49,128
2021-12-06,lunes,12,2021,340,1,27.6,0,1.49,1.52,170
2021-12-07,martes,12,2021,341,0,28.8,0,1.47,1.6,97
2021-12-08,miércoles,12,2021,342,1,28.1,0,1.49,1.52,130
2021-12-09,jueves,12,2021,343,0,25.5,1,1.51,1.58,160
2021-12-10,viernes,12,2021,344,0,30.1,0,1.47,1.39,109
2021-12-11,sábado,12,2021,345,0,27.2,0,1.53,1.58,143
2021-12-12,domingo,12,2021,346,0,25.2,0,1.47,1.47,130
2021-12-13,lunes,12,2021,347,0,27.6,1,1.49,1.57,174
2021-12-14,martes,12,2021,348,0,31.5,0,1.47,1.65,96
2021-12-15,miércoles,12,2021,349,0,30.3,0,1.49,1.45,98
2021-12-16,jueves,12,2021,350,0,28.0,0,1.45,1.57,87
2021-12-17,viernes,12,2021,351,0,28.1,0,1.47,1.42,106
2021-12-18,sábado,12,2021,352,0,28.2,0,1.46,1.41,139
2021-12-19,domingo,12,2021,353,0,33.1,0,1.49,1.53,130
2021-12-20,lunes,12,2021,354,0,29.8,0,1.51,1.5,93
2021-12-21,martes,12,2021,355,0,29.9,0,1.5,1.54,94
2021-12-22,miércoles,12,2021,356,0,31.2,0,1.44,1.4,89
2021-12-23,jueves,12,2021,357,0,29.7,0,1.53,1.51,96
2021-12-24,viernes,12,2021,358,0,28.8,0,1.49,1.58,112
2021-12-25,sábado,12,2021,359,1,28.9,0,1.47,1.52,199
2021-12-26,domingo,12,2021,360,0,29.3,0,1.49,1.56,125
2021-12-27,lunes,12,2021,361,0,29.4,0,1.49,1.54,98
2021-12-28,martes,12,2021,362,0,31.0,0,1.47,1.57,92
2021-12-29,miércoles,12,2021,363,0,29.7,0,1.49,1.44,93
2021-12-30,jueves,12,2021,364,0,31.1,0,1.47,1.33,89
2021-12-31,viernes,12,2021,365,0,29.5,0,1.48,1.43,103
2022-01-01,sábado,1,2022,1,1,29.9,0,1.52,1.54,208
2022-01-02,domingo,1,2022,2,0,25.8,0,1.5,1.56,142
2022-01-03,lunes,1,2022,3,0,31.6,0,1.53,1.56,76
2022-01-04,martes,1,2022,4,0,30.5,0,1.54,1.59,96
2022-01-05,miércoles,1,2022,5,0,31.8,0,1.54,1.51,106
2022-01-06,jueves,1,2022,6,1,24.1,0,1.55,1.55,172
2022-01-07,viernes,1,2022,7,1,34.1,0,1.54,1.47,152
2022-01-08,sábado,1,2022,8,0,29.6,1,1.52,1.58,226
2022-01-09,domingo,1,2022,9,0,32.2,0,1.55,1.65,131
2022-01-10,lunes,1,2022,10,0,27.9,0,1.5,1.59,104
2022-01-11,martes,1,2022,11,0,31.2,0,1.51,1.46,106
2022-01-12,miércoles,1,2022,12,0,27.9,0,1.51,1.64,116
2022-01-13,jueves,1,2022,13,0,28.7,0,1.55,1.55,113
2022-01-14,viernes,1,2022,14,0,33.8,0,1.55,1.46,110
2022-01-15,sábado,1,2022,15,0,29.6,0,1.54,1.71,158
2022-01-16,domingo,1,2022,16,0,30.4,0,1.55,1.47,120
2022-01-17,lunes,1,2022,17,0,31.7,0,1.51,1.59,95
2022-01-18,martes,1,2022,18,0,31.0,0,1.54,1.47,98
2022-01-19,miércoles,1,2022,19,0,30.3,0,1.53,1.61,109
2022-01-20,jueves,1,2022,20,0,30.7,0,1.55,1.66,114
2022-01-21,viernes,1,2022,21,0,34.8,0,1.53,1.5,116
2022-01-22,sábado,1,2022,22,0,29.8,0,1.52,1.6,148
2022-01-23,domingo,1,2022,23,0,30.3,0,1.54,1.53,140
2022-01-24,lunes,1,2022,24,0,32.0,0,1.55,1.62,88
2022-01-25,martes,1,2022,25,0,32.1,0,1.52,1.48,86
2022-01-26,miércoles,1,2022,26,0,32.2,0,1.53,1.48,98
2022-01-27,jueves,1,2022,27,0,31.1,0,1.51,1.5,107
2022-01-28,viernes,1,2022,28,0,27.5,0,1.48,1.44,111
2022-01-29,sábado,1,2022,29,0,33.0,1,1.53,1.66,211
2022-01-30,domingo,1,2022,30,0,27.4,0,1.54,1.48,145
2022-01-31,lunes,1,2022,31,0,30.2,0,1.54,1.52,95
2022-02-01,martes,2,2022,32,0,28.1,0,1.49,1.49,116
2022-02-02,miércoles,2,2022,33,0,29.4,0,1.52,1.48,93
2022-02-03,jueves,2,2022,34,0,30.1,0,1.49,1.54,102
2022-02-04,viernes,2,2022,35,0,30.1,0,1.56,1.67,118
2022-02-05,sábado,2,2022,36,0,30.2,0,1.51,1.41,140
2022-02-06,domingo,2,2022,37,0,32.5,0,1.55,1.62,129
2022-02-07,lunes,2,2022,38,0,30.1,0,1.55,1.56,82
2022-02-08,martes,2,2022,39,0,28.7,0,1.51,1.48,91
2022-02-09,miércoles,2,2022,40,0,31.0,0,1.51,1.55,98
2022-02-10,jueves,2,2022,41,0,31.4,0,1.54,1.56,112
2022-02-11,viernes,2,2022,42,0,26.5,0,1.51,1.61,144
2022-02-12,sábado,2,2022,43,0,30.1,0,1.53,1.66,157
2022-02-13,domingo,2,2022,44,0,30.2,0,1.52,1.56,128
2022-02-14,lunes,2,2022,45,0,28.1,0,1.49,1.58,94
2022-02-15,martes,2,2022,46,0,31.4,1,1.49,1.58,147
2022-02-16,miércoles,2,2022,47,0,28.2,1,1.53,1.54,172
2022-02-17,jueves,2,2022,48,0,28.7,0,1.52,1.56,105
2022-02-18,viernes,2,2022,49,0,28.0,1,1.52,1.52,170
2022-02-19,sábado,2,2022,50,0,28.3,0,1.54,1.64,144
2022-02-20,domingo,2,2022,51,0,26.0,0,1.55,1.65,148
2022-02-21,lunes,2,2022,52,0,25.2,0,1.52,1.45,105
2022-02-22,martes,2,2022,53,0,31.1,0,1.52,1.53,91
2022-02-23,miércoles,2,2022,54,0,26.1,0,1.54,1.63,112
2022-02-24,jueves,2,2022,55,0,25.7,0,1.5,1.47,91
2022-02-25,viernes,2,2022,56,0,23.3,0,1.53,1.42,127
2022-02-26,sábado,2,2022,57,0,26.2,0,1.54,1.57,157
2022-02-27,domingo,2,2022,58,0,24.7,0,1.54,1.56,135
2022-02-28,lunes,2,2022,59,0,30.6,0,1.49,1.53,88
2022-03-01,martes,3,2022,60,0,29.2,0,1.51,1.45,69
2022-03-02,miércoles,3,2022,61,0,25.7,0,1.51,1.45,107
2022-03-03,jueves,3,2022,62,0,31.4,1,1.53,1.62,146
2022-03-04,viernes,3,2022,63,0,28.7,0,1.54,1.54,113
2022-03-05,sábado,3,2022,64,0,26.0,0,1.56,1.51,144
2022-03-06,domingo,3,2022,65,0,21.5,0,1.52,1.55,149
2022-03-07,lunes,3,2022,66,0,31.0,0,1.52,1.56,83
2022-03-08,martes,3,2022,67,0,23.5,0,1.55,1.47,88
2022-03-09,miércoles,3,2022,68,0,22.8,1,1.54,1.47,164
2022-03-10,jueves,3,2022,69,0,28.0,0,1.56,1.51,106
2022-03-11,viernes,3,2022,70,0,30.7,1,1.54,1.59,163
2022-03-12,sábado,3,2022,71,0,28.5,0,1.51,1.57,131
2022-03-13,domingo,3,2022,72,0,26.7,0,1.5,1.58,119
2022-03-14,lunes,3,2022,73,0,26.6,0,1.5,1.6,83
2022-03-15,martes,3,2022,74,0,27.0,0,1.54,1.62,98
2022-03-16,miércoles,3,2022,75,0,26.6,1,1.55,1.55,158
2022-03-17,jueves,3,2022,76,0,25.5,0,1.57,1.66,98
2022-03-18,viernes,3,2022,77,0,25.0,1,1.55,1.47,169
2022-03-19,sábado,3,2022,78,0,24.6,0,1.55,1.56,143
2022-03-20,domingo,3,2022,79,0,23.0,0,1.52,1.59,135
2022-03-21,lunes,3,2022,80,0,23.8,0,1.51,1.58,94
2022-03-22,martes,3,2022,81,0,20.8,0,1.55,1.55,107
2022-03-23,miércoles,3,2022,82,0,23.9,1,1.54,1.52,173
2022-03-24,jueves,3,2022,83,0,21.9,1,1.53,1.63,147
2022-03-25,viernes,3,2022,84,0,21.5,1,1.54,1.56,175
2022-03-26,sábado,3,2022,85,0,23.9,0,1.54,1.6,139
2022-03-27,domingo,3,2022,86,0,26.2,0,1.56,1.5,126
2022-03-28,lunes,3,2022,87,0,25.1,0,1.56,1.65,96
2022-03-29,martes,3,2022,88,0,20.0,0,1.54,1.58,96
2022-03-30,miércoles,3,2022,89,0,21.0,0,1.55,1.7,107
2022-03-31,jueves,3,2022,90,0,24.7,0,1.54,1.58,109
2022-04-01,viernes,4,2022,91,0,20.6,0,1.52,1.53,112
2022-04-02,sábado,4,2022,92,0,22.0,0,1.54,1.58,130
2022-04-03,domingo,4,2022,93,0,23.4,0,1.5,1.57,119
2022-04-04,lunes,4,2022,94,0,20.2,1,1.55,1.62,154
2022-04-05,martes,4,2022,95,0,22.1,0,1.51,1.53,78
2022-04-06,miércoles,4,2022,96,0,19.1,0,1.54,1.49,103
2022-04-07,jueves,4,2022,97,0,20.4,0,1.51,1.62,91
2022-04-08,viernes,4,2022,98,0,22.1,1,1.54,1.59,170
2022-04-09,sábado,4,2022,99,0,18.1,0,1.53,1.6,138
2022-04-10,domingo,4,2022,100,0,22.0,0,1.5,1.51,124
2022-04-11,lunes,4,2022,101,0,20.9,1,1.54,1.46,153
2022-04-12,martes,4,2022,102,0,21.8,0,1.52,1.61,98
2022-04-13,miércoles,4,2022,103,0,21.0,0,1.55,1.63,95
2022-04-14,jueves,4,2022,104,0,23.1,1,1.53,1.49,158
2022-04-15,viernes,4,2022,105,1,20.5,1,1.54,1.57,219
2022-04-16,sábado,4,2022,106,0,19.2,0,1.51,1.61,133
2022-04-17,domingo,4,2022,107,0,20.1,0,1.52,1.48,130
2022-04-18,lunes,4,2022,108,0,20.8,0,1.52,1.66,85
2022-04-19,martes,4,2022,109,0,19.6,0,1.55,1.52,68
2022-04-20,miércoles,4,2022,110,0,19.4,1,1.56,1.61,158
2022-04-21,jueves,4,2022,111,0,17.8,0,1.51,1.64,85
2022-04-22,viernes,4,2022,112,0,17.7,0,1.55,1.59,127
2022-04-23,sábado,4,2022,113,0,16.0,1,1.49,1.5,193
2022-04-24,domingo,4,2022,114,0,22.2,0,1.51,1.57,124
2022-04-25,lunes,4,2022,115,0,16.0,0,1.51,1.47,85
2022-04-26,martes,4,2022,116,0,17.0,0,1.5,1.55,83
2022-04-27,miércoles,4,2022,117,0,16.7,1,1.5,1.58,139
2022-04-28,jueves,4,2022,118,0,19.8,0,1.54,1.57,98
2022-04-29,viernes,4,2022,119,0,17.2,0,1.53,1.62,123
2022-04-30,sábado,4,2022,120,0,20.2,0,1.54,1.56,140
2022-05-01,domingo,5,2022,121,0,16.2,1,1.54,1.44,181
2022-05-02,lunes,5,2022,122,0,17.9,0,1.54,1.49,62
2022-05-03,martes,5,2022,123,0,15.5,0,1.54,1.62,76
2022-05-04,miércoles,5,2022,124,0,21.3,0,1.53,1.6,79
2022-05-05,jueves,5,2022,125,0,14.5,0,1.51,1.62,87
2022-05-06,viernes,5,2022,126,0,17.3,0,1.55,1.59,108
2022-05-07,sábado,5,2022,127,0,17.8,0,1.52,1.47,119
2022-05-08,domingo,5,2022,128,0,17.2,0,1.51,1.54,109
2022-05-09,lunes,5,2022,129,0,15.8,0,1.53,1.53,76
2022-05-10,martes,5,2022,130,0,15.8,0,1.51,1.52,58
2022-05-11,miércoles,5,2022,131,0,16.0,0,1.52,1.45,73
2022-05-12,jueves,5,2022,132,0,15.4,0,1.54,1.67,83
2022-05-13,viernes,5,2022,133,0,17.5,0,1.54,1.53,89
2022-05-14,sábado,5,2022,134,0,19.8,0,1.51,1.63,133
2022-05-15,domingo,5,2022,135,0,14.1,0,1.52,1.56,104
2022-05-16,lunes,5,2022,136,0,12.4,0,1.55,1.64,72
2022-05-17,martes,5,2022,137,0,14.8,0,1.54,1.57,74
2022-05-18,miércoles,5,2022,138,0,20.0,0,1.57,1.65,89
2022-05-19,jueves,5,2022,139,0,13.1,0,1.55,1.46,79
2022-05-20,viernes,5,2022,140,0,17.8,0,1.55,1.65,106
2022-05-21,sábado,5,2022,141,0,17.7,0,1.5,1.6,130
2022-05-22,domingo,5,2022,142,0,13.1,0,1.55,1.58,113
2022-05-23,lunes,5,2022,143,0,15.2,0,1.53,1.48,61
2022-05-24,martes,5,2022,144,0,17.2,0,1.52,1.53,60
2022-05-25,miércoles,5,2022,145,0,13.1,0,1.53,1.64,80
2022-05-26,jueves,5,2022,146,0,13.3,0,1.55,1.56,77
2022-05-27,viernes,5,2022,147,0,12.4,1,1.54,1.57,180
2022-05-28,sábado,5,2022,148,0,11.4,0,1.51,1.5,127
2022-05-29,domingo,5,2022,149,0,12.0,0,1.54,1.47,108
2022-05-30,lunes,5,2022,150,0,10.7,0,1.52,1.58,64
2022-05-31,martes,5,2022,151,0,13.1,0,1.53,1.44,73
2022-06-01,miércoles,6,2022,152,0,11.4,0,1.52,1.56,60
2022-06-02,jueves,6,2022,153,0,13.3,0,1.53,1.64,69
2022-06-03,viernes,6,2022,154,0,9.6,0,1.55,1.55,79
2022-06-04,sábado,6,2022,155,0,13.2,0,1.51,1.52,112
2022-06-05,domingo,6,2022,156,0,14.1,0,1.57,1.5,109
2022-06-06,lunes,6,2022,157,0,8.4,0,1.49,1.54,64
2022-06-07,martes,6,2022,158,0,13.0,0,1.52,1.42,56
2022-06-08,miércoles,6,2022,159,0,14.6,0,1.54,1.59,56
2022-06-09,jueves,6,2022,160,0,9.6,0,1.54,1.5,75
2022-06-10,viernes,6,2022,161,0,15.3,0,1.53,1.52,81
2022-06-11,sábado,6,2022,162,0,12.7,0,1.53,1.58,114
2022-06-12,domingo,6,2022,163,0,10.3,0,1.54,1.49,98
2022-06-13,lunes,6,2022,164,0,11.5,0,1.53,1.58,70
2022-06-14,martes,6,2022,165,0,12.7,0,1.56,1.56,61
2022-06-15,miércoles,6,2022,166,0,11.6,0,1.55,1.66,69
2022-06-16,jueves,6,2022,167,0,12.4,0,1.55,1.55,76
2022-06-17,viernes,6,2022,168,0,9.4,0,1.51,1.51,104
2022-06-18,sábado,6,2022,169,0,11.5,0,1.53,1.5,119
2022-06-19,domingo,6,2022,170,0,8.3,0,1.52,1.52,102
2022-06-20,lunes,6,2022,171,0,10.8,0,1.51,1.49,62
2022-06-21,martes,6,2022,172,0,9.1,0,1.54,1.6,59
2022-06-22,miércoles,6,2022,173,0,9.4,0,1.52,1.5,59
2022-06-23,jueves,6,2022,174,0,13.3,1,1.54,1.64,144
2022-06-24,viernes,6,2022,175,0,12.9,0,1.51,1.59,83
2022-06-25,sábado,6,2022,176,0,11.9,0,1.56,1.49,115
2022-06-26,domingo,6,2022,177,0,8.4,0,1.51,1.54,95
2022-06-27,lunes,6,2022,178,0,9.9,0,1.53,1.48,72
2022-06-28,martes,6,2022,179,0,12.9,0,1.55,1.57,68
2022-06-29,miércoles,6,2022,180,0,10.7,0,1.52,1.61,70
2022-06-30,jueves,6,2022,181,0,15.0,0,1.55,1.59,73
2022-07-01,viernes,7,2022,182,0,11.1,0,1.51,1.57,81
2022-07-02,sábado,7,2022,183,0,10.7,0,1.56,1.57,111
2022-07-03,domingo,7,2022,184,0,9.7,0,1.53,1.56,108
2022-07-04,lunes,7,2022,185,0,10.5,1,1.52,1.46,116
2022-07-05,martes,7,2022,186,0,9.9,0,1.52,1.58,48
2022-07-06,miércoles,7,2022,187,0,11.6,0,1.55,1.58,70
2022-07-07,jueves,7,2022,188,0,12.1,0,1.52,1.55,72
2022-07-08,viernes,7,2022,189,0,8.5,0,1.51,1.48,74
2022-07-09,sábado,7,2022,190,0,7.4,0,1.53,1.54,103
2022-07-10,domingo,7,2022,191,0,6.4,0,1.51,1.52,93
2022-07-11,lunes,7,2022,192,0,11.1,0,1.57,1.49,50
2022-07-12,martes,7,2022,193,0,7.8,1,1.52,1.52,112
2022-07-13,miércoles,7,2022,194,0,5.7,0,1.55,1.61,63
2022-07-14,jueves,7,2022,195,0,10.8,0,1.53,1.65,67
2022-07-15,viernes,7,2022,196,0,15.0,1,1.51,1.53,138
2022-07-16,sábado,7,2022,197,0,10.0,0,1.53,1.54,107
2022-07-17,domingo,7,2022,198,0,11.7,0,1.55,1.47,98
2022-07-18,lunes,7,2022,199,0,10.2,0,1.53,1.63,59
2022-07-19,martes,7,2022,200,0,9.8,0,1.55,1.46,66
2022-07-20,miércoles,7,2022,201,0,11.9,0,1.55,1.68,71
2022-07-21,jueves,7,2022,202,0,9.4,0,1.55,1.56,56
2022-07-22,viernes,7,2022,203,0,10.6,0,1.52,1.56,89
2022-07-23,sábado,7,2022,204,0,10.7,0,1.51,1.66,118
2022-07-24,domingo,7,2022,205,0,8.7,0,1.52,1.42,93
2022-07-25,lunes,7,2022,206,0,12.1,0,1.53,1.57,48
2022-07-26,martes,7,2022,207,0,9.8,0,1.54,1.55,59
2022-07-27,miércoles,7,2022,208,0,8.6,0,1.49,1.45,63
2022-07-28,jueves,7,2022,209,0,11.3,0,1.53,1.6,62
2022-07-29,viernes,7,2022,210,0,8.4,0,1.53,1.57,73
2022-07-30,sábado,7,2022,211,0,10.3,0,1.52,1.6,110
2022-07-31,domingo,7,2022,212,0,10.3,0,1.56,1.5,95
2022-08-01,lunes,8,2022,213,0,12.5,1,1.54,1.62,133
2022-08-02,martes,8,2022,214,0,11.3,0,1.56,1.49,59
2022-08-03,miércoles,8,2022,215,0,10.4,0,1.53,1.46,57
2022-08-04,jueves,8,2022,216,0,12.1,0,1.55,1.5,67
2022-08-05,viernes,8,2022,217,0,13.3,0,1.56,1.4,87
2022-08-06,sábado,8,2022,218,0,11.7,0,1.56,1.52,108
2022-08-07,domingo,8,2022,219,0,10.7,0,1.51,1.69,94
2022-08-08,lunes,8,2022,220,0,8.1,0,1.52,1.51,58
2022-08-09,martes,8,2022,221,0,8.7,1,1.52,1.42,111
2022-08-10,miércoles,8,2022,222,0,10.3,1,1.54,1.47,142
2022-08-11,jueves,8,2022,223,0,9.7,0,1.54,1.59,76
2022-08-12,viernes,8,2022,224,0,10.6,0,1.51,1.57,76
2022-08-13,sábado,8,2022,225,0,11.2,0,1.53,1.53,118
2022-08-14,domingo,8,2022,226,0,12.2,0,1.49,1.44,93
2022-08-15,lunes,8,2022,227,1,11.1,1,1.56,1.49,188
2022-08-16,martes,8,2022,228,0,12.3,0,1.52,1.48,61
2022-08-17,miércoles,8,2022,229,0,11.6,0,1.53,1.52,57
2022-08-18,jueves,8,2022,230,0,7.6,1,1.52,1.59,130
2022-08-19,viernes,8,2022,231,0,9.7,0,1.55,1.6,91
2022-08-20,sábado,8,2022,232,0,11.4,0,1.47,1.47,110
2022-08-21,domingo,8,2022,233,0,9.4,0,1.53,1.59,103
2022-08-22,lunes,8,2022,234,0,13.1,0,1.53,1.63,78
2022-08-23,martes,8,2022,235,0,15.1,0,1.52,1.61,59
2022-08-24,miércoles,8,2022,236,0,14.5,0,1.56,1.61,69
2022-08-25,jueves,8,2022,237,0,11.8,0,1.51,1.49,83
2022-08-26,viernes,8,2022,238,0,15.3,0,1.55,1.56,89
2022-08-27,sábado,8,2022,239,0,12.7,0,1.54,1.51,98
2022-08-28,domingo,8,2022,240,0,11.9,0,1.56,1.62,107
2022-08-29,lunes,8,2022,241,0,11.4,0,1.52,1.57,54
2022-08-30,martes,8,2022,242,0,12.2,0,1.52,1.61,76
2022-08-31,miércoles,8,2022,243,0,12.1,0,1.55,1.67,63
2022-09-01,jueves,9,2022,244,0,13.4,0,1.54,1.54,105
2022-09-02,viernes,9,2022,245,0,13.5,0,1.5,1.57,110
2022-09-03,sábado,9,2022,246,0,13.3,0,1.52,1.41,112
2022-09-04,domingo,9,2022,247,0,14.3,0,1.54,1.52,111
2022-09-05,lunes,9,2022,248,0,15.9,1,1.55,1.55,136
2022-09-06,martes,9,2022,249,0,15.6,0,1.52,1.49,77
2022-09-07,miércoles,9,2022,250,0,10.8,0,1.47,1.6,84
2022-09-08,jueves,9,2022,251,0,8.8,0,1.54,1.46,89
2022-09-09,viernes,9,2022,252,0,15.9,0,1.51,1.49,95
2022-09-10,sábado,9,2022,253,0,11.5,0,1.49,1.47,119
2022-09-11,domingo,9,2022,254,0,13.9,1,1.47,1.51,181
2022-09-12,lunes,9,2022,255,0,12.1,0,1.55,1.59,79
2022-09-13,martes,9,2022,256,0,11.0,0,1.53,1.62,77
2022-09-14,miércoles,9,2022,257,0,15.9,0,1.53,1.53,79
2022-09-15,jueves,9,2022,258,0,16.4,0,1.56,1.56,87
2022-09-16,viernes,9,2022,259,0,13.9,0,1.54,1.43,77
2022-09-17,sábado,9,2022,260,0,10.0,0,1.56,1.54,123
2022-09-18,domingo,9,2022,261,0,14.3,0,1.5,1.6,116
2022-09-19,lunes,9,2022,262,0,16.3,0,1.53,1.54,85
2022-09-20,martes,9,2022,263,0,12.7,0,1.5,1.62,63
2022-09-21,miércoles,9,2022,264,0,16.2,0,1.53,1.55,89
2022-09-22,jueves,9,2022,265,0,16.0,0,1.52,1.47,81
2022-09-23,viernes,9,2022,266,0,17.3,0,1.54,1.46,98
2022-09-24,sábado,9,2022,267,0,16.6,0,1.53,1.54,135
2022-09-25,domingo,9,2022,268,0,14.5,0,1.54,1.63,118
2022-09-26,lunes,9,2022,269,0,19.0,1,1.54,1.63,151
2022-09-27,martes,9,2022,270,0,16.5,0,1.57,1.57,73
2022-09-28,miércoles,9,2022,271,0,16.9,0,1.52,1.54,73
2022-09-29,jueves,9,2022,272,0,15.3,0,1.51,1.53,82
2022-09-30,viernes,9,2022,273,0,16.4,0,1.53,1.53,91
2022-10-01,sábado,10,2022,274,0,15.7,0,1.51,1.48,133
2022-10-02,domingo,10,2022,275,0,17.3,0,1.56,1.5,103
2022-10-03,lunes,10,2022,276,0,21.2,0,1.52,1.47,86
2022-10-04,martes,10,2022,277,0,15.2,0,1.52,1.43,81
2022-10-05,miércoles,10,2022,278,0,14.9,0,1.52,1.5,86
2022-10-06,jueves,10,2022,279,0,21.2,0,1.54,1.5,94
2022-10-07,viernes,10,2022,280,0,18.0,0,1.53,1.61,99
2022-10-08,sábado,10,2022,281,0,17.3,0,1.52,1.47,148
2022-10-09,domingo,10,2022,282,0,20.9,0,1.56,1.72,127
2022-10-10,lunes,10,2022,283,0,17.8,0,1.51,1.46,82
2022-10-11,martes,10,2022,284,0,22.8,0,1.53,1.54,75
2022-10-12,miércoles,10,2022,285,1,20.7,0,1.54,1.51,158
2022-10-13,jueves,10,2022,286,0,18.5,1,1.5,1.43,161
2022-10-14,viernes,10,2022,287,0,24.0,0,1.54,1.64,117
2022-10-15,sábado,10,2022,288,0,18.6,0,1.51,1.4,138
2022-10-16,domingo,10,2022,289,0,21.5,0,1.55,1.68,131
2022-10-17,lunes,10,2022,290,0,20.8,0,1.51,1.65,85
2022-10-18,martes,10,2022,291,0,23.0,0,1.54,1.56,71
2022-10-19,miércoles,10,2022,292,0,23.6,0,1.55,1.62,86
2022-10-20,jueves,10,2022,293,0,20.8,0,1.55,1.6,93
2022-10-21,viernes,10,2022,294,0,19.4,0,1.53,1.56,118
2022-10-22,sábado,10,2022,295,0,22.0,0,1.53,1.52,136
2022-10-23,domingo,10,2022,296,0,19.9,0,1.52,1.53,137
2022-10-24,lunes,10,2022,297,0,25.4,0,1.56,1.54,87
2022-10-25,martes,10,2022,298,0,21.8,0,1.52,1.53,81
2022-10-26,miércoles,10,2022,299,0,21.0,0,1.51,1.48,74
2022-10-27,jueves,10,2022,300,0,22.3,0,1.54,1.65,107
2022-10-28,viernes,10,2022,301,0,19.4,0,1.51,1.41,118
2022-10-29,sábado,10,2022,302,0,20.3,0,1.51,1.61,126
2022-10-30,domingo,10,2022,303,0,24.8,1,1.5,1.48,196
2022-10-31,lunes,10,2022,304,1,21.2,0,1.52,1.49,152
2022-11-01,martes,11,2022,305,1,20.6,0,1.53,1.55,144
2022-11-02,miércoles,11,2022,306,0,24.0,0,1.53,1.56,112
2022-11-03,jueves,11,2022,307,0,25.4,0,1.55,1.53,111
2022-11-04,viernes,11,2022,308,0,24.7,0,1.54,1.56,123
2022-11-05,sábado,11,2022,309,0,25.4,0,1.53,1.57,146
2022-11-06,domingo,11,2022,310,0,22.0,0,1.53,1.57,142
2022-11-07,lunes,11,2022,311,0,20.9,0,1.54,1.55,93
2022-11-08,martes,11,2022,312,0,26.9,0,1.56,1.61,89
2022-11-09,miércoles,11,2022,313,0,23.4,0,1.53,1.63,95
2022-11-10,jueves,11,2022,314,0,23.7,0,1.52,1.6,103
2022-11-11,viernes,11,2022,315,0,27.0,0,1.51,1.48,111
2022-11-12,sábado,11,2022,316,0,25.6,0,1.5,1.66,140
2022-11-13,domingo,11,2022,317,0,25.6,0,1.54,1.58,133
2022-11-14,lunes,11,2022,318,0,29.1,0,1.54,1.5,82
2022-11-15,martes,11,2022,319,0,23.7,0,1.54,1.5,97
2022-11-16,miércoles,11,2022,320,0,26.9,0,1.53,1.66,84
2022-11-17,jueves,11,2022,321,0,25.4,0,1.56,1.47,98
2022-11-18,viernes,11,2022,322,0,25.9,0,1.52,1.66,120
2022-11-19,sábado,11,2022,323,0,28.6,0,1.55,1.48,132
2022-11-20,domingo,11,2022,324,0,26.7,0,1.53,1.6,130
2022-11-21,lunes,11,2022,325,0,26.9,0,1.52,1.55,77
2022-11-22,martes,11,2022,326,0,28.1,0,1.54,1.55,90
2022-11-23,miércoles,11,2022,327,0,25.4,0,1.54,1.63,104
2022-11-24,jueves,11,2022,328,0,24.5,0,1.54,1.58,107
2022-11-25,viernes,11,2022,329,0,24.3,0,1.53,1.61,128
2022-11-26,sábado,11,2022,330,0,22.6,0,1.53,1.48,146
2022-11-27,domingo,11,2022,331,0,30.7,0,1.58,1.48,124
2022-11-28,lunes,11,2022,332,0,24.5,0,1.55,1.51,93
2022-11-29,martes,11,2022,333,0,26.4,0,1.54,1.6,97
2022-11-30,miércoles,11,2022,334,0,26.4,0,1.53,1.49,81
2022-12-01,jueves,12,2022,335,0,27.7,0,1.55,1.47,98
2022-12-02,viernes,12,2022,336,0,28.9,0,1.54,1.57,133
2022-12-03,sábado,12,2022,337,0,29.1,0,1.53,1.58,126
2022-12-04,domingo,12,2022,338,0,26.3,0,1.52,1.53,138
2022-12-05,lunes,12,2022,339,1,27.3,0,1.53,1.46,169
2022-12-06,martes,12,2022,340,1,28.3,0,1.47,1.4,139
2022-12-07,miércoles,12,2022,341,0,27.3,1,1.53,1.64,168
2022-12-08,jueves,12,2022,342,1,31.1,0,1.52,1.55,154
2022-12-09,viernes,12,2022,343,1,29.0,0,1.56,1.66,179
2022-12-10,sábado,12,2022,344,0,29.6,0,1.53,1.6,146
2022-12-11,domingo,12,2022,345,0,29.5,0,1.51,1.59,131
2022-12-12,lunes,12,2022,346,0,30.7,0,1.53,1.48,100
2022-12-13,martes,12,2022,347,0,28.8,0,1.51,1.61,110
2022-12-14,miércoles,12,2022,348,0,25.9,0,1.54,1.63,106
2022-12-15,jueves,12,2022,349,0,29.4,0,1.54,1.62,95
2022-12-16,viernes,12,2022,350,0,27.4,1,1.55,1.54,195
2022-12-17,sábado,12,2022,351,0,27.7,0,1.51,1.54,147
2022-12-18,domingo,12,2022,352,0,30.0,0,1.53,1.5,137
2022-12-19,lunes,12,2022,353,0,31.4,1,1.5,1.5,140
2022-12-20,martes,12,2022,354,0,29.0,0,1.54,1.65,91
2022-12-21,miércoles,12,2022,355,0,29.7,0,1.54,1.54,103
2022-12-22,jueves,12,2022,356,0,32.5,1,1.54,1.53,182
2022-12-23,viernes,12,2022,357,0,29.7,0,1.53,1.58,115
2022-12-24,sábado,12,2022,358,0,34.5,0,1.54,1.65,129
2022-12-25,domingo,12,2022,359,0,30.5,0,1.56,1.66,161
2022-12-26,lunes,12,2022,360,0,25.9,0,1.52,1.46,105
2022-12-27,martes,12,2022,361,0,31.0,0,1.53,1.52,90
2022-12-28,miércoles,12,2022,362,0,30.3,0,1.51,1.48,105
2022-12-29,jueves,12,2022,363,0,32.1,0,1.51,1.6,102
2022-12-30,viernes,12,2022,364,0,31.0,0,1.53,1.62,126
2022-12-31,sábado,12,2022,365,0,29.4,0,1.55,1.66,148
2023-01-01,domingo,1,2023,1,0,27.3,0,1.57,1.59,147
2023-01-02,lunes,1,2023,2,0,29.3,1,1.57,1.68,173
2023-01-03,martes,1,2023,3,0,28.1,1,1.57,1.54,167
2023-01-04,miércoles,1,2023,4,0,28.7,0,1.57,1.61,125
2023-01-05,jueves,1,2023,5,0,31.0,0,1.58,1.53,101
2023-01-06,viernes,1,2023,6,1,33.2,0,1.55,1.65,171
2023-01-07,sábado,1,2023,7,0,30.7,0,1.6,1.63,149
2023-01-08,domingo,1,2023,8,0,27.5,0,1.56,1.61,139
2023-01-09,lunes,1,2023,9,0,30.8,0,1.59,1.72,103
2023-01-10,martes,1,2023,10,0,32.4,0,1.55,1.48,102
2023-01-11,miércoles,1,2023,11,0,28.8,0,1.59,1.5,113
2023-01-12,jueves,1,2023,12,0,29.7,0,1.59,1.76,122
2023-01-13,viernes,1,2023,13,0,30.0,0,1.58,1.6,124
2023-01-14,sábado,1,2023,14,0,28.4,0,1.56,1.44,151
2023-01-15,domingo,1,2023,15,0,31.3,0,1.58,1.58,142
2023-01-16,lunes,1,2023,16,0,29.8,0,1.55,1.54,88
2023-01-17,martes,1,2023,17,0,30.8,0,1.57,1.47,102
2023-01-18,miércoles,1,2023,18,0,28.2,0,1.6,1.48,94
2023-01-19,jueves,1,2023,19,0,29.1,1,1.59,1.51,190
2023-01-20,viernes,1,2023,20,0,31.4,0,1.58,1.55,120
2023-01-21,sábado,1,2023,21,0,29.2,0,1.56,1.67,154
2023-01-22,domingo,1,2023,22,0,33.4,0,1.59,1.66,131
2023-01-23,lunes,1,2023,23,0,29.1,0,1.58,1.63,99
2023-01-24,martes,1,2023,24,0,30.3,0,1.53,1.47,118
2023-01-25,miércoles,1,2023,25,0,31.7,0,1.59,1.74,115
2023-01-26,jueves,1,2023,26,0,27.0,0,1.58,1.65,105
2023-01-27,viernes,1,2023,27,0,26.3,0,1.6,1.58,143
2023-01-28,sábado,1,2023,28,0,26.7,0,1.55,1.65,169
2023-01-29,domingo,1,2023,29,0,32.2,0,1.51,1.64,140
2023-01-30,lunes,1,2023,30,0,28.6,0,1.58,1.6,106
2023-01-31,martes,1,2023,31,0,34.7,0,1.58,1.6,94
2023-02-01,miércoles,2,2023,32,0,28.4,0,1.54,1.5,121
2023-02-02,jueves,2,2023,33,0,29.9,0,1.56,1.59,103
2023-02-03,viernes,2,2023,34,0,32.6,0,1.63,1.69,121
2023-02-04,sábado,2,2023,35,0,33.4,1,1.57,1.53,194
2023-02-05,domingo,2,2023,36,0,33.5,0,1.59,1.56,120
2023-02-06,lunes,2,2023,37,0,31.7,0,1.56,1.67,116
2023-02-07,martes,2,2023,38,0,31.3,0,1.53,1.64,90
2023-02-08,miércoles,2,2023,39,0,30.3,0,1.57,1.61,105
2023-02-09,jueves,2,2023,40,0,30.6,0,1.57,1.63,95
2023-02-10,viernes,2,2023,41,0,27.9,0,1.57,1.64,125
2023-02-11,sábado,2,2023,42,0,27.3,0,1.57,1.59,156
2023-02-12,domingo,2,2023,43,0,28.9,1,1.58,1.55,188
2023-02-13,lunes,2,2023,44,0,28.4,0,1.57,1.52,104
2023-02-14,martes,2,2023,45,0,27.8,1,1.55,1.5,176
2023-02-15,miércoles,2,2023,46,0,30.0,0,1.59,1.52,110
2023-02-16,jueves,2,2023,47,0,30.4,0,1.54,1.5,118
2023-02-17,viernes,2,2023,48,0,28.6,0,1.53,1.48,120
2023-02-18,sábado,2,2023,49,0,31.3,1,1.59,1.62,224
2023-02-19,domingo,2,2023,50,0,26.0,0,1.59,1.7,148
2023-02-20,lunes,2,2023,51,0,27.8,0,1.57,1.5,104
2023-02-21,martes,2,2023,52,0,26.6,0,1.55,1.62,105
2023-02-22,miércoles,2,2023,53,0,24.2,0,1.56,1.59,114
2023-02-23,jueves,2,2023,54,0,27.7,0,1.57,1.51,108
2023-02-24,viernes,2,2023,55,0,27.5,0,1.54,1.65,131
2023-02-25,sábado,2,2023,56,0,30.6,0,1.56,1.55,157
2023-02-26,domingo,2,2023,57,0,28.8,0,1.59,1.62,145
2023-02-27,lunes,2,2023,58,0,25.3,1,1.6,1.65,181
2023-02-28,martes,2,2023,59,0,31.0,0,1.57,1.55,102
2023-03-01,miércoles,3,2023,60,0,29.6,0,1.59,1.69,95
2023-03-02,jueves,3,2023,61,0,28.2,0,1.54,1.5,103
2023-03-03,viernes,3,2023,62,0,26.5,0,1.59,1.69,113
2023-03-04,sábado,3,2023,63,0,24.9,1,1.56,1.56,208
2023-03-05,domingo,3,2023,64,0,25.9,0,1.58,1.66,115
2023-03-06,lunes,3,2023,65,0,28.7,0,1.57,1.56,90
2023-03-07,martes,3,2023,66,0,30.2,0,1.6,1.64,98
2023-03-08,miércoles,3,2023,67,0,29.3,0,1.56,1.61,85
2023-03-09,jueves,3,2023,68,0,25.1,1,1.59,1.55,181
2023-03-10,viernes,3,2023,69,0,23.7,0,1.57,1.62,119
2023-03-11,sábado,3,2023,70,0,26.1,0,1.57,1.58,142
2023-03-12,domingo,3,2023,71,0,22.2,0,1.57,1.71,152
2023-03-13,lunes,3,2023,72,0,26.2,0,1.56,1.59,97
2023-03-14,martes,3,2023,73,0,25.1,0,1.58,1.71,83
2023-03-15,miércoles,3,2023,74,0,24.3,0,1.57,1.63,96
2023-03-16,jueves,3,2023,75,0,21.9,0,1.58,1.62,119
2023-03-17,viernes,3,2023,76,0,26.0,0,1.58,1.53,122
2023-03-18,sábado,3,2023,77,0,23.8,0,1.59,1.62,163
2023-03-19,domingo,3,2023,78,0,22.3,0,1.59,1.64,155
2023-03-20,lunes,3,2023,79,0,18.8,0,1.55,1.53,98
2023-03-21,martes,3,2023,80,0,24.3,0,1.59,1.56,116
2023-03-22,miércoles,3,2023,81,0,27.8,0,1.55,1.63,100
2023-03-23,jueves,3,2023,82,0,27.4,0,1.59,1.6,95
2023-03-24,viernes,3,2023,83,0,23.0,0,1.59,1.63,120
2023-03-25,sábado,3,2023,84,0,22.5,0,1.54,1.48,131
2023-03-26,domingo,3,2023,85,0,24.5,0,1.58,1.55,149
2023-03-27,lunes,3,2023,86,0,21.4,0,1.57,1.65,116
2023-03-28,martes,3,2023,87,0,23.9,0,1.56,1.49,88
2023-03-29,miércoles,3,2023,88,0,24.6,0,1.6,1.58,99
2023-03-30,jueves,3,2023,89,0,25.4,0,1.56,1.73,111
2023-03-31,viernes,3,2023,90,0,22.6,1,1.56,1.59,170
2023-04-01,sábado,4,2023,91,0,22.2,0,1.58,1.74,128
2023-04-02,domingo,4,2023,92,0,20.7,0,1.59,1.73,130
2023-04-03,lunes,4,2023,93,0,20.6,0,1.57,1.55,85
2023-04-04,martes,4,2023,94,0,21.6,0,1.6,1.46,81
2023-04-05,miércoles,4,2023,95,0,22.7,0,1.59,1.64,95
2023-04-06,jueves,4,2023,96,0,23.6,0,1.53,1.53,108
2023-04-07,viernes,4,2023,97,1,20.0,0,1.57,1.46,174
2023-04-08,sábado,4,2023,98,0,24.4,0,1.56,1.59,137
2023-04-09,domingo,4,2023,99,0,20.7,0,1.59,1.46,131
2023-04-10,lunes,4,2023,100,0,21.0,0,1.52,1.61,96
2023-04-11,martes,4,2023,101,0,19.4,0,1.63,1.6,82
2023-04-12,miércoles,4,2023,102,0,15.9,0,1.59,1.57,93
2023-04-13,jueves,4,2023,103,0,22.3,0,1.58,1.55,101
2023-04-14,viernes,4,2023,104,0,21.9,1,1.6,1.69,180
2023-04-15,sábado,4,2023,105,0,19.7,0,1.62,1.63,148
2023-04-16,domingo,4,2023,106,0,20.2,1,1.59,1.62,202
2023-04-17,lunes,4,2023,107,0,20.9,0,1.59,1.55,81
2023-04-18,martes,4,2023,108,0,16.6,0,1.58,1.54,89
2023-04-19,miércoles,4,2023,109,0,18.5,0,1.57,1.53,97
2023-04-20,jueves,4,2023,110,0,21.0,0,1.57,1.56,94
2023-04-21,viernes,4,2023,111,0,16.7,0,1.56,1.6,118
2023-04-22,sábado,4,2023,112,0,19.6,0,1.56,1.6,141
2023-04-23,domingo,4,2023,113,0,16.1,0,1.55,1.52,116
2023-04-24,lunes,4,2023,114,0,19.6,0,1.57,1.72,96
2023-04-25,martes,4,2023,115,0,18.4,0,1.54,1.46,78
2023-04-26,miércoles,4,2023,116,0,15.1,0,1.58,1.71,104
2023-04-27,jueves,4,2023,117,0,20.5,0,1.57,1.49,91
2023-04-28,viernes,4,2023,118,0,16.5,0,1.58,1.59,112
2023-04-29,sábado,4,2023,119,0,16.2,1,1.57,1.59,204
2023-04-30,domingo,4,2023,120,0,18.1,0,1.64,1.68,132
2023-05-01,lunes,5,2023,121,1,19.8,0,1.6,1.61,120
2023-05-02,martes,5,2023,122,0,15.3,0,1.55,1.55,68
2023-05-03,miércoles,5,2023,123,0,17.3,1,1.58,1.59,133
2023-05-04,jueves,5,2023,124,0,17.9,0,1.56,1.62,91
2023-05-05,viernes,5,2023,125,0,18.2,1,1.56,1.64,166
2023-05-06,sábado,5,2023,126,0,17.0,0,1.55,1.65,122
2023-05-07,domingo,5,2023,127,0,15.8,0,1.58,1.61,107
2023-05-08,lunes,5,2023,128,0,14.7,0,1.56,1.56,78
2023-05-09,martes,5,2023,129,0,16.4,0,1.6,1.64,75
2023-05-10,miércoles,5,2023,130,0,13.9,0,1.6,1.57,97
2023-05-11,jueves,5,2023,131,0,10.0,1,1.6,1.64,161
2023-05-12,viernes,5,2023,132,0,16.6,1,1.56,1.5,191
2023-05-13,sábado,5,2023,133,0,17.4,0,1.59,1.55,115
2023-05-14,domingo,5,2023,134,0,10.7,0,1.59,1.54,102
2023-05-15,lunes,5,2023,135,0,13.2,0,1.57,1.49,65
2023-05-16,martes,5,2023,136,0,16.4,1,1.56,1.58,145
2023-05-17,miércoles,5,2023,137,0,19.1,0,1.61,1.65,95
2023-05-18,jueves,5,2023,138,0,14.9,1,1.58,1.73,149
2023-05-19,viernes,5,2023,139,0,13.2,1,1.59,1.66,153
2023-05-20,sábado,5,2023,140,0,14.2,0,1.56,1.51,115
2023-05-21,domingo,5,2023,141,0,17.1,0,1.55,1.7,105
2023-05-22,lunes,5,2023,142,0,12.9,0,1.56,1.66,84
2023-05-23,martes,5,2023,143,0,12.5,0,1.57,1.57,78
2023-05-24,miércoles,5,2023,144,0,13.0,1,1.55,1.6,138
2023-05-25,jueves,5,2023,145,0,11.9,0,1.58,1.69,77
2023-05-26,viernes,5,2023,146,0,13.9,0,1.54,1.55,115
2023-05-27,sábado,5,2023,147,0,16.8,1,1.55,1.61,179
2023-05-28,domingo,5,2023,148,0,14.1,0,1.59,1.56,119
2023-05-29,lunes,5,2023,149,0,12.8,0,1.59,1.54,63
2023-05-30,martes,5,2023,150,0,12.6,0,1.57,1.59,75
2023-05-31,miércoles,5,2023,151,0,9.9,0,1.56,1.57,84
2023-06-01,jueves,6,2023,152,0,14.7,1,1.56,1.66,152
2023-06-02,viernes,6,2023,153,0,12.6,1,1.57,1.67,163
2023-06-03,sábado,6,2023,154,0,12.3,0,1.59,1.59,120
2023-06-04,domingo,6,2023,155,0,19.0,0,1.59,1.55,96
2023-06-05,lunes,6,2023,156,0,13.1,1,1.57,1.68,136
2023-06-06,martes,6,2023,157,0,10.8,0,1.55,1.59,69
2023-06-07,miércoles,6,2023,158,0,11.4,1,1.58,1.49,133
2023-06-08,jueves,6,2023,159,0,14.4,0,1.56,1.67,80
2023-06-09,viernes,6,2023,160,0,12.2,0,1.57,1.7,85
2023-06-10,sábado,6,2023,161,0,9.0,1,1.6,1.7,187
2023-06-11,domingo,6,2023,162,0,13.7,0,1.59,1.59,89
2023-06-12,lunes,6,2023,163,0,10.4,0,1.58,1.56,73
2023-06-13,martes,6,2023,164,0,15.4,0,1.55,1.65,76
2023-06-14,miércoles,6,2023,165,0,13.7,0,1.58,1.68,81
2023-06-15,jueves,6,2023,166,0,10.5,0,1.6,1.61,79
2023-06-16,viernes,6,2023,167,0,13.9,0,1.57,1.53,74
2023-06-17,sábado,6,2023,168,0,11.4,0,1.6,1.66,109
2023-06-18,domingo,6,2023,169,0,12.9,0,1.6,1.6,108
2023-06-19,lunes,6,2023,170,0,12.1,0,1.61,1.61,67
2023-06-20,martes,6,2023,171,0,9.3,0,1.58,1.66,67
2023-06-21,miércoles,6,2023,172,0,9.7,1,1.59,1.59,135
2023-06-22,jueves,6,2023,173,0,12.9,0,1.6,1.64,77
2023-06-23,viernes,6,2023,174,0,10.1,0,1.58,1.43,89
2023-06-24,sábado,6,2023,175,0,9.9,0,1.57,1.63,113
2023-06-25,domingo,6,2023,176,0,8.8,0,1.57,1.55,114
2023-06-26,lunes,6,2023,177,0,11.5,0,1.58,1.51,61
2023-06-27,martes,6,2023,178,0,14.7,0,1.55,1.5,55
2023-06-28,miércoles,6,2023,179,0,8.4,0,1.57,1.64,67
2023-06-29,jueves,6,2023,180,0,10.5,1,1.6,1.72,132
2023-06-30,viernes,6,2023,181,0,13.2,0,1.53,1.52,100
2023-07-01,sábado,7,2023,182,0,10.2,0,1.61,1.71,115
2023-07-02,domingo,7,2023,183,0,11.2,0,1.6,1.67,103
2023-07-03,lunes,7,2023,184,0,8.1,1,1.57,1.71,112
2023-07-04,martes,7,2023,185,0,11.1,0,1.59,1.58,69
2023-07-05,miércoles,7,2023,186,0,9.8,0,1.58,1.64,64
2023-07-06,jueves,7,2023,187,0,12.1,1,1.6,1.54,129
2023-07-07,viernes,7,2023,188,0,12.5,0,1.6,1.61,100
2023-07-08,sábado,7,2023,189,0,15.3,0,1.55,1.7,121
2023-07-09,domingo,7,2023,190,0,11.2,0,1.59,1.64,91
2023-07-10,lunes,7,2023,191,0,10.7,0,1.57,1.61,50
2023-07-11,martes,7,2023,192,0,10.4,0,1.58,1.59,63
2023-07-12,miércoles,7,2023,193,0,9.3,0,1.56,1.63,60
2023-07-13,jueves,7,2023,194,0,10.7,0,1.61,1.55,76
2023-07-14,viernes,7,2023,195,0,9.4,0,1.6,1.63,89
2023-07-15,sábado,7,2023,196,0,10.3,0,1.56,1.66,117
2023-07-16,domingo,7,2023,197,0,12.6,0,1.55,1.45,95
2023-07-17,lunes,7,2023,198,0,8.0,0,1.57,1.54,76
2023-07-18,martes,7,2023,199,0,12.3,0,1.58,1.68,88
2023-07-19,miércoles,7,2023,200,0,12.6,0,1.58,1.59,66
2023-07-20,jueves,7,2023,201,0,9.8,0,1.6,1.53,74
2023-07-21,viernes,7,2023,202,0,5.8,0,1.59,1.59,89
2023-07-22,sábado,7,2023,203,0,8.8,1,1.6,1.7,172
2023-07-23,domingo,7,2023,204,0,12.7,1,1.58,1.54,169
2023-07-24,lunes,7,2023,205,0,10.0,0,1.55,1.68,58
2023-07-25,martes,7,2023,206,0,8.1,0,1.57,1.63,56
2023-07-26,miércoles,7,2023,207,0,9.1,0,1.6,1.53,69
2023-07-27,jueves,7,2023,208,0,11.8,0,1.57,1.62,70
2023-07-28,viernes,7,2023,209,0,11.3,0,1.59,1.6,68
2023-07-29,sábado,7,2023,210,0,9.7,0,1.57,1.62,118
2023-07-30,domingo,7,2023,211,0,9.5,0,1.56,1.58,104
2023-07-31,lunes,7,2023,212,0,9.5,0,1.57,1.68,77
2023-08-01,martes,8,2023,213,0,8.5,0,1.58,1.49,67
2023-08-02,miércoles,8,2023,214,0,13.6,0,1.56,1.52,59
2023-08-03,jueves,8,2023,215,0,9.8,0,1.57,1.62,60
2023-08-04,viernes,8,2023,216,0,12.9,0,1.56,1.57,86
2023-08-05,sábado,8,2023,217,0,13.6,0,1.6,1.61,111
2023-08-06,domingo,8,2023,218,0,12.6,0,1.57,1.53,113
2023-08-07,lunes,8,2023,219,0,9.8,0,1.6,1.65,67
2023-08-08,martes,8,2023,220,0,11.5,0,1.61,1.61,75
2023-08-09,miércoles,8,2023,221,0,10.7,0,1.57,1.6,62
2023-08-10,jueves,8,2023,222,0,9.1,0,1.56,1.64,87
2023-08-11,viernes,8,2023,223,0,11.6,0,1.53,1.64,101
2023-08-12,sábado,8,2023,224,0,8.7,0,1.55,1.57,101
2023-08-13,domingo,8,2023,225,0,13.5,0,1.55,1.48,116
2023-08-14,lunes,8,2023,226,1,10.2,0,1.6,1.59,135
2023-08-15,martes,8,2023,227,1,11.7,0,1.58,1.54,126
2023-08-16,miércoles,8,2023,228,0,11.9,0,1.58,1.58,65
2023-08-17,jueves,8,2023,229,0,10.9,0,1.53,1.62,90
2023-08-18,viernes,8,2023,230,0,12.7,0,1.55,1.51,81
2023-08-19,sábado,8,2023,231,0,10.7,0,1.59,1.5,121
2023-08-20,domingo,8,2023,232,0,13.4,0,1.58,1.55,112
2023-08-21,lunes,8,2023,233,0,9.1,0,1.57,1.49,57
2023-08-22,martes,8,2023,234,0,12.1,0,1.59,1.53,81
2023-08-23,miércoles,8,2023,235,0,15.9,0,1.61,1.74,76
2023-08-24,jueves,8,2023,236,0,10.1,0,1.57,1.55,81
2023-08-25,viernes,8,2023,237,0,10.9,0,1.58,1.57,79
2023-08-26,sábado,8,2023,238,0,13.3,0,1.58,1.53,132
2023-08-27,domingo,8,2023,239,0,12.8,0,1.62,1.7,98
2023-08-28,lunes,8,2023,240,0,13.2,0,1.53,1.56,76
2023-08-29,martes,8,2023,241,0,13.6,0,1.59,1.57,58
2023-08-30,miércoles,8,2023,242,0,14.0,0,1.57,1.77,72
2023-08-31,jueves,8,2023,243,0,15.1,0,1.59,1.61,83
2023-09-01,viernes,9,2023,244,0,13.8,0,1.56,1.54,109
2023-09-02,sábado,9,2023,245,0,12.7,0,1.57,1.5,114
2023-09-03,domingo,9,2023,246,0,14.6,0,1.59,1.53,123
2023-09-04,lunes,9,2023,247,0,17.2,0,1.64,1.59,82
2023-09-05,martes,9,2023,248,0,13.3,0,1.59,1.65,69
2023-09-06,miércoles,9,2023,249,0,11.7,1,1.56,1.58,149
2023-09-07,jueves,9,2023,250,0,16.0,0,1.57,1.64,76
2023-09-08,viernes,9,2023,251,0,13.7,1,1.57,1.51,170
2023-09-09,sábado,9,2023,252,0,9.7,0,1.54,1.49,129
2023-09-10,domingo,9,2023,253,0,15.9,0,1.57,1.58,109
2023-09-11,lunes,9,2023,254,0,13.3,0,1.59,1.69,80
2023-09-12,martes,9,2023,255,0,14.3,0,1.55,1.6,79
2023-09-13,miércoles,9,2023,256,0,15.3,0,1.6,1.65,80
2023-09-14,jueves,9,2023,257,0,15.2,0,1.59,1.56,91
2023-09-15,viernes,9,2023,258,0,16.3,0,1.56,1.44,96
2023-09-16,sábado,9,2023,259,0,14.2,0,1.57,1.5,126
2023-09-17,domingo,9,2023,260,0,16.3,0,1.61,1.62,125
2023-09-18,lunes,9,2023,261,0,14.9,0,1.59,1.51,80
2023-09-19,martes,9,2023,262,0,17.0,0,1.58,1.51,80
2023-09-20,miércoles,9,2023,263,0,16.9,0,1.57,1.67,74
2023-09-21,jueves,9,2023,264,0,14.0,0,1.58,1.46,87
2023-09-22,viernes,9,2023,265,0,18.2,0,1.57,1.64,96
2023-09-23,sábado,9,2023,266,0,15.1,0,1.53,1.51,116
2023-09-24,domingo,9,2023,267,0,17.9,0,1.62,1.63,115
2023-09-25,lunes,9,2023,268,0,17.2,0,1.58,1.58,68
2023-09-26,martes,9,2023,269,0,20.3,0,1.58,1.58,82
2023-09-27,miércoles,9,2023,270,0,16.4,0,1.57,1.63,89
2023-09-28,jueves,9,2023,271,0,16.3,0,1.56,1.65,73
2023-09-29,viernes,9,2023,272,0,17.1,0,1.57,1.64,96
2023-09-30,sábado,9,2023,273,0,16.7,0,1.54,1.54,115
2023-10-01,domingo,10,2023,274,0,19.1,0,1.62,1.55,122
2023-10-02,lunes,10,2023,275,0,14.4,0,1.55,1.69,96
2023-10-03,martes,10,2023,276,0,15.7,0,1.56,1.58,87
2023-10-04,miércoles,10,2023,277,0,15.8,0,1.57,1.52,87
2023-10-05,jueves,10,2023,278,0,20.0,0,1.6,1.56,107
2023-10-06,viernes,10,2023,279,0,21.7,1,1.58,1.56,152
2023-10-07,sábado,10,2023,280,0,18.3,0,1.55,1.6,150
2023-10-08,domingo,10,2023,281,0,18.3,0,1.6,1.6,123
2023-10-09,lunes,10,2023,282,0,18.9,0,1.59,1.53,86
2023-10-10,martes,10,2023,283,0,21.3,1,1.59,1.55,143
2023-10-11,miércoles,10,2023,284,0,17.3,0,1.59,1.67,107
2023-10-12,jueves,10,2023,285,1,19.8,0,1.62,1.73,144
2023-10-13,viernes,10,2023,286,1,21.4,0,1.62,1.58,175
2023-10-14,sábado,10,2023,287,0,20.7,0,1.56,1.66,145
2023-10-15,domingo,10,2023,288,0,20.2,0,1.61,1.7,117
2023-10-16,lunes,10,2023,289,0,22.0,0,1.58,1.69,84
2023-10-17,martes,10,2023,290,0,14.8,1,1.59,1.7,152
2023-10-18,miércoles,10,2023,291,0,21.7,0,1.54,1.5,86
2023-10-19,jueves,10,2023,292,0,19.2,0,1.57,1.63,93
2023-10-20,viernes,10,2023,293,0,17.0,1,1.56,1.65,187
2023-10-21,sábado,10,2023,294,0,21.9,0,1.59,1.56,142
2023-10-22,domingo,10,2023,295,0,23.8,0,1.6,1.59,122
2023-10-23,lunes,10,2023,296,0,20.9,0,1.53,1.5,97
2023-10-24,martes,10,2023,297,0,23.3,0,1.58,1.64,80
2023-10-25,miércoles,10,2023,298,0,24.8,0,1.6,1.59,78
2023-10-26,jueves,10,2023,299,0,24.4,0,1.57,1.64,112
2023-10-27,viernes,10,2023,300,0,25.2,0,1.59,1.66,105
2023-10-28,sábado,10,2023,301,0,23.5,0,1.58,1.72,129
2023-10-29,domingo,10,2023,302,0,22.4,0,1.58,1.67,116
2023-10-30,lunes,10,2023,303,0,19.2,0,1.57,1.68,100
2023-10-31,martes,10,2023,304,0,22.1,0,1.55,1.45,83
2023-11-01,miércoles,11,2023,305,1,21.0,0,1.55,1.68,174
2023-11-02,jueves,11,2023,306,0,27.2,1,1.59,1.6,165
2023-11-03,viernes,11,2023,307,0,22.7,1,1.58,1.65,210
2023-11-04,sábado,11,2023,308,0,23.5,0,1.57,1.57,147
2023-11-05,domingo,11,2023,309,0,24.5,0,1.57,1.71,159
2023-11-06,lunes,11,2023,310,0,23.6,0,1.57,1.61,100
2023-11-07,martes,11,2023,311,0,27.1,0,1.6,1.71,104
2023-11-08,miércoles,11,2023,312,0,22.6,0,1.57,1.48,109
2023-11-09,jueves,11,2023,313,0,24.4,0,1.55,1.49,106
2023-11-10,viernes,11,2023,314,0,22.7,0,1.59,1.61,120
2023-11-11,sábado,11,2023,315,0,21.7,0,1.57,1.46,151
2023-11-12,domingo,11,2023,316,0,23.3,0,1.58,1.72,146
2023-11-13,lunes,11,2023,317,0,24.6,0,1.61,1.58,91
2023-11-14,martes,11,2023,318,0,23.9,0,1.58,1.64,101
2023-11-15,miércoles,11,2023,319,0,23.6,0,1.58,1.63,114
2023-11-16,jueves,11,2023,320,0,22.3,0,1.55,1.59,128
2023-11-17,viernes,11,2023,321,0,25.1,0,1.57,1.63,129
2023-11-18,sábado,11,2023,322,0,22.4,0,1.59,1.58,165
2023-11-19,domingo,11,2023,323,0,27.1,1,1.54,1.48,193
2023-11-20,lunes,11,2023,324,0,25.8,0,1.58,1.51,99
2023-11-21,martes,11,2023,325,0,22.9,0,1.58,1.66,112
2023-11-22,miércoles,11,2023,326,0,25.3,0,1.58,1.61,94
2023-11-23,jueves,11,2023,327,0,24.6,0,1.6,1.7,105
2023-11-24,viernes,11,2023,328,0,26.9,0,1.58,1.64,134
2023-11-25,sábado,11,2023,329,0,29.0,1,1.61,1.63,185
2023-11-26,domingo,11,2023,330,0,22.7,0,1.56,1.53,128
2023-11-27,lunes,11,2023,331,0,26.9,0,1.58,1.47,103
2023-11-28,martes,11,2023,332,0,26.4,0,1.58,1.57,103
2023-11-29,miércoles,11,2023,333,0,28.2,0,1.55,1.66,103
2023-11-30,jueves,11,2023,334,0,27.4,0,1.59,1.69,105
2023-12-01,viernes,12,2023,335,0,25.6,0,1.62,1.61,125
2023-12-02,sábado,12,2023,336,0,26.6,0,1.58,1.7,158
2023-12-03,domingo,12,2023,337,0,25.8,0,1.59,1.65,158
2023-12-04,lunes,12,2023,338,0,29.6,0,1.58,1.53,99
2023-12-05,martes,12,2023,339,0,27.6,0,1.56,1.5,118
2023-12-06,miércoles,12,2023,340,1,31.5,0,1.54,1.47,136
2023-12-07,jueves,12,2023,341,0,27.7,0,1.56,1.59,112
2023-12-08,viernes,12,2023,342,1,26.5,0,1.55,1.69,172
2023-12-09,sábado,12,2023,343,0,25.0,0,1.61,1.71,149
2023-12-10,domingo,12,2023,344,0,24.5,0,1.57,1.46,142
2023-12-11,lunes,12,2023,345,0,25.0,1,1.57,1.51,160
2023-12-12,martes,12,2023,346,0,28.8,0,1.59,1.68,106
2023-12-13,miércoles,12,2023,347,0,29.4,0,1.55,1.67,124
2023-12-14,jueves,12,2023,348,0,25.3,0,1.56,1.67,122
2023-12-15,viernes,12,2023,349,0,30.4,1,1.58,1.66,213
2023-12-16,sábado,12,2023,350,0,27.7,0,1.6,1.52,149
2023-12-17,domingo,12,2023,351,0,29.1,0,1.59,1.66,154
2023-12-18,lunes,12,2023,352,0,32.1,0,1.58,1.65,116
2023-12-19,martes,12,2023,353,0,30.7,0,1.58,1.54,100
2023-12-20,miércoles,12,2023,354,0,28.5,0,1.58,1.67,99
2023-12-21,jueves,12,2023,355,0,27.3,1,1.58,1.55,184
2023-12-22,viernes,12,2023,356,0,24.8,0,1.56,1.45,130
2023-12-23,sábado,12,2023,357,0,27.8,0,1.58,1.53,153
2023-12-24,domingo,12,2023,358,0,28.9,0,1.55,1.53,145
2023-12-25,lunes,12,2023,359,1,27.4,0,1.58,1.58,162
2023-12-26,martes,12,2023,360,0,29.1,0,1.57,1.59,100
2023-12-27,miércoles,12,2023,361,0,29.6,0,1.63,1.67,99
2023-12-28,jueves,12,2023,362,0,29.1,0,1.57,1.64,114
2023-12-29,viernes,12,2023,363,0,28.3,1,1.55,1.53,215
2023-12-30,sábado,12,2023,364,0,29.9,0,1.57,1.49,154
2023-12-31,domingo,12,2023,365,0,30.5,0,1.59,1.61,142
